"Angular Position,Angular Velocity"
"0.00,0.0000,0.0000"
"1.00,-0.1176,-0.0277"
"2.00,-0.1178,-0.0134"
"3.00,-0.1178,-0.0128"
"4.00,-0.1178,-0.0121"
"5.00,-0.1178,-0.0115"
"6.00,-0.1178,-0.0109"
"7.00,-0.1115,0.3005"
"8.00,-0.1023,0.7436"
"9.00,-0.0902,1.3264"
"10.00,-0.0763,1.9310"
"11.00,-0.0654,2.3962"
"12.00,-0.0517,2.9600"
"13.00,-0.0412,3.3356"
"14.00,-0.0270,3.8724"
"15.00,-0.0166,4.2169"
"16.00,-0.0043,4.5953"
"17.00,0.0079,4.9925"
"18.00,0.0190,5.2957"
"19.00,0.0311,5.6363"
"20.00,0.0419,5.8945"
"21.00,0.0541,6.2052"
"22.00,0.0649,6.4349"
"23.00,0.0771,6.7330"
"24.00,0.0864,6.8529"
"25.00,0.0986,7.1192"
"26.00,0.1078,7.2358"
"27.00,0.1171,7.3162"
"28.00,0.1278,7.5098"
"29.00,0.1385,7.6529"
"30.00,0.1494,7.8137"
"31.00,0.1602,7.9774"
"32.00,0.1707,8.0863"
"33.00,0.1814,8.2268"
"34.00,0.1922,8.3520"
"35.00,0.2046,8.5562"
"36.00,0.2154,8.6684"
"37.00,0.2259,8.7586"
"38.00,0.2367,8.8606"
"39.00,0.2492,9.0393"
"40.00,0.2597,9.1253"
"41.00,0.2721,9.2731"
"42.00,0.2826,9.3507"
"43.00,0.2936,9.4219"
"44.00,0.3057,9.5596"
"45.00,0.3165,9.6216"
"46.00,0.3273,9.6805"
"47.00,0.3397,9.8182"
"48.00,0.3519,9.9327"
"49.00,0.3640,10.0415"
"50.00,0.3764,10.1612"
"51.00,0.3872,10.1931"
"52.00,0.4009,10.3707"
"53.00,0.4130,10.4576"
"54.00,0.4238,10.4747"
"55.00,0.4363,10.5727"
"56.00,0.4455,10.5022"
"57.00,0.4577,10.5967"
"58.00,0.4684,10.5894"
"59.00,0.4809,10.6992"
"60.00,0.4914,10.6726"
"61.00,0.5021,10.6832"
"62.00,0.5129,10.6858"
"63.00,0.5253,10.7733"
"64.00,0.5361,10.7746"
"65.00,0.5466,10.7594"
"66.00,0.5574,10.7615"
"67.00,0.5682,10.7634"
"68.00,0.5804,10.8447"
"69.00,0.5911,10.8252"
"70.00,0.6033,10.9065"
"71.00,0.6140,10.8840"
"72.00,0.6249,10.8970"
"73.00,0.6358,10.8772"
"74.00,0.6464,10.8773"
"75.00,0.6572,10.8702"
"76.00,0.6680,10.8667"
"77.00,0.6786,10.8610"
"78.00,0.6893,10.8408"
"79.00,0.7015,10.9213"
"80.00,0.7108,10.8326"
"81.00,0.7233,10.9159"
"82.00,0.7324,10.8282"
"83.00,0.7429,10.8104"
"84.00,0.7537,10.8099"
"85.00,0.7646,10.8093"
"86.00,0.7754,10.8228"
"87.00,0.7876,10.8725"
"88.00,0.7982,10.8725"
"89.00,0.8077,10.8004"
"90.00,0.8182,10.7840"
"91.00,0.8290,10.7847"
"92.00,0.8398,10.7855"
"93.00,0.8504,10.7837"
"94.00,0.8598,10.7021"
"95.00,0.8705,10.7100"
"96.00,0.8810,10.6981"
"97.00,0.8918,10.7032"
"98.00,0.9013,10.6425"
"99.00,0.9118,10.6340"
"100.00,0.9227,10.6561"
"101.00,0.9332,10.6327"
"102.00,0.9425,10.5789"
"103.00,0.9533,10.5870"
"104.00,0.9626,10.5158"
"105.00,0.9731,10.5274"
"106.00,0.9838,10.5243"
"107.00,0.9947,10.5547"
"108.00,1.0055,10.5529"
"109.00,1.0145,10.4866"
"110.00,1.0253,10.4993"
"111.00,1.0346,10.4325"
"112.00,1.0454,10.4646"
"113.00,1.0560,10.4510"
"114.00,1.0667,10.4852"
"115.00,1.0775,10.4842"
"116.00,1.0886,10.5193"
"117.00,1.0991,10.5279"
"118.00,1.1115,10.6067"
"119.00,1.1204,10.5347"
"120.00,1.1311,10.5314"
"121.00,1.1419,10.5613"
"122.00,1.1528,10.5594"
"123.00,1.1634,10.5743"
"124.00,1.1756,10.6482"
"125.00,1.1867,10.6721"
"126.00,1.1973,10.6758"
"127.00,1.2080,10.6656"
"128.00,1.2202,10.7541"
"129.00,1.2312,10.7564"
"130.00,1.2417,10.7449"
"131.00,1.2525,10.7476"
"132.00,1.2633,10.7502"
"133.00,1.2757,10.8345"
"134.00,1.2862,10.8163"
"135.00,1.2970,10.8155"
"136.00,1.3091,10.8801"
"137.00,1.3183,10.7943"
"138.00,1.3308,10.8899"
"139.00,1.3398,10.7873"
"140.00,1.3506,10.7906"
"141.00,1.3614,10.7911"
"142.00,1.3722,10.7915"
"143.00,1.3843,10.8573"
"144.00,1.3936,10.7726"
"145.00,1.4045,10.7875"
"146.00,1.4151,10.7719"
"147.00,1.4275,10.8577"
"148.00,1.4380,10.8384"
"149.00,1.4488,10.8365"
"150.00,1.4596,10.8346"
"151.00,1.4704,10.8329"
"152.00,1.4813,10.8312"
"153.00,1.4918,10.8267"
"154.00,1.5042,10.8912"
"155.00,1.5134,10.8207"
"156.00,1.5255,10.8721"
"157.00,1.5349,10.8051"
"158.00,1.5453,10.7859"
"159.00,1.5565,10.8030"
"160.00,1.5688,10.8816"
"161.00,1.5794,10.8616"
"162.00,1.5900,10.8580"
"163.00,1.6023,10.9211"
"164.00,1.6116,10.8490"
"165.00,1.6221,10.8173"
"166.00,1.6328,10.8317"
"167.00,1.6450,10.8803"
"168.00,1.6545,10.8260"
"169.00,1.6668,10.8883"
"170.00,1.6760,10.8045"
"171.00,1.6852,10.7357"
"172.00,1.6974,10.7917"
"173.00,1.7069,10.7417"
"174.00,1.7175,10.7265"
"175.00,1.7280,10.7161"
"176.00,1.7388,10.7203"
"177.00,1.7496,10.7242"
"178.00,1.7618,10.8067"
"179.00,1.7725,10.7907"
"180.00,1.7834,10.8067"
"181.00,1.7942,10.7939"
"182.00,1.8049,10.7958"
"183.00,1.8170,10.8590"
"184.00,1.8261,10.7742"
"185.00,1.8373,10.7919"
"186.00,1.8478,10.7759"
"187.00,1.8587,10.7902"
"188.00,1.8692,10.7620"
"189.00,1.8798,10.7653"
"190.00,1.8909,10.7811"
"191.00,1.9014,10.7656"
"192.00,1.9122,10.7673"
"193.00,1.9230,10.7689"
"194.00,1.9353,10.8490"
"195.00,1.9460,10.8312"
"196.00,1.9582,10.9104"
"197.00,1.9689,10.8895"
"198.00,1.9814,10.9821"
"199.00,1.9906,10.8791"
"200.00,2.0028,10.9581"
"201.00,2.0120,10.8662"
"202.00,2.0225,10.8465"
"203.00,2.0336,10.8605"
"204.00,2.0428,10.7756"
"205.00,2.0549,10.8422"
"206.00,2.0640,10.7583"
"207.00,2.0765,10.8421"
"208.00,2.0859,10.7691"
"209.00,2.0980,10.8436"
"210.00,2.1087,10.8263"
"211.00,2.1196,10.8325"
"212.00,2.1300,10.8145"
"213.00,2.1408,10.8062"
"214.00,2.1515,10.8121"
"215.00,2.1621,10.7943"
"216.00,2.1840,10.8076"
"217.00,2.1945,10.8126"
"218.00,2.2031,10.7956"
"219.00,2.2163,10.6833"
"220.00,2.2251,10.8125"
"221.00,2.2360,10.7116"
"222.00,2.2451,10.7201"
"223.00,2.2556,10.6382"
"224.00,2.2668,10.6299"
"225.00,2.2775,10.6607"
"226.00,2.2884,10.6617"
"227.00,2.2988,10.6725"
"228.00,2.3100,10.6586"
"229.00,2.3204,10.6859"
"230.00,2.3312,10.6732"
"231.00,2.3433,10.6776"
"232.00,2.3528,10.7530"
"233.00,2.3620,10.6860"
"234.00,2.3724,10.6137"
"235.00,2.3833,10.6028"
"236.00,2.3940,10.6165"
"237.00,2.4048,10.6218"
"238.00,2.4157,10.6326"
"239.00,2.4264,10.6428"
"240.00,2.4356,10.6487"
"241.00,2.4477,10.5745"
"242.00,2.4572,10.6493"
"243.00,2.4677,10.5951"
"244.00,2.4784,10.5871"
"245.00,2.4877,10.5958"
"246.00,2.5001,10.5279"
"247.00,2.5092,10.6214"
"248.00,2.5201,10.5467"
"249.00,2.5305,10.5630"
"250.00,2.5417,10.5548"
"251.00,2.5521,10.5870"
"252.00,2.5629,10.5795"
"253.00,2.5737,10.5886"
"254.00,2.5829,10.6028"
"255.00,2.5920,10.5290"
"256.00,2.6028,10.4589"
"257.00,2.6136,10.4777"
"258.00,2.6241,10.4956"
"259.00,2.6348,10.4926"
"260.00,2.6444,10.5062"
"261.00,2.6564,10.4589"
"262.00,2.6657,10.5379"
"263.00,2.6761,10.4726"
"264.00,2.6872,10.4692"
"265.00,2.6981,10.5038"
"266.00,2.7072,10.5203"
"267.00,2.7176,10.4507"
"268.00,2.7288,10.4500"
"269.00,2.7393,10.4872"
"270.00,2.7500,10.4848"
"271.00,2.7593,10.4989"
"272.00,2.7700,10.4354"
"273.00,2.7792,10.4520"
"274.00,2.7913,10.3875"
"275.00,2.8021,10.4719"
"276.00,2.8129,10.4916"
"277.00,2.8221,10.5037"
"278.00,2.8329,10.4383"
"279.00,2.8437,10.4564"
"280.00,2.8528,10.4751"
"281.00,2.8637,10.4063"
"282.00,2.8728,10.4291"
"283.00,2.8836,10.3627"
"284.00,2.8928,10.3877"
"285.00,2.9032,10.3249"
"286.00,2.9128,10.3307"
"287.00,2.9235,10.2918"
"288.00,2.9344,10.3140"
"289.00,2.9435,10.3414"
"290.00,2.9526,10.2810"
"291.00,2.9634,10.2250"
"292.00,2.9739,10.2522"
"293.00,2.9831,10.2648"
"294.00,2.9955,10.2097"
"295.00,3.0047,10.3210"
"296.00,3.0155,10.2646"
"297.00,3.0263,10.2898"
"298.00,3.0355,10.3138"
"299.00,3.0459,10.2592"
"300.00,3.0554,10.2669"
"301.00,3.0662,10.2296"
"302.00,3.0753,10.2595"
"303.00,3.0862,10.2018"
"304.00,3.0950,10.2346"
"305.00,3.1061,10.1617"
"306.00,3.1170,10.2114"
"307.00,3.1290,10.2422"
"308.00,3.1382,10.3341"
"309.00,-3.1342,10.2756"
"310.00,-3.1250,10.3004"
"311.00,-3.1142,10.2449"
"312.00,-3.1038,10.2726"
"313.00,-3.0946,10.2812"
"314.00,-3.0822,10.2281"
"315.00,-3.0730,10.3371"
"316.00,-3.0622,10.2770"
"317.00,-3.0547,10.3045"
"318.00,-3.0438,10.1656"
"319.00,-3.0331,10.1987"
"320.00,-3.0223,10.2260"
"321.00,-3.0131,10.2560"
"322.00,-3.0039,10.2014"
"323.00,-2.9931,10.1494"
"324.00,-2.9840,10.1832"
"325.00,-2.9732,10.1310"
"326.00,-2.9611,10.1631"
"327.00,-2.9503,10.2616"
"328.00,-2.9411,10.2885"
"329.00,-2.9287,10.2322"
"330.00,-2.9195,10.3424"
"331.00,-2.9091,10.2847"
"332.00,-2.8995,10.2916"
"333.00,-2.8888,10.2540"
"334.00,-2.8783,10.2788"
"335.00,-2.8704,10.2897"
"336.00,-2.8583,10.1679"
"337.00,-2.8488,10.2649"
"338.00,-2.8380,10.2274"
"339.00,-2.8292,10.2548"
"340.00,-2.8184,10.1827"
"341.00,-2.8076,10.2147"
"342.00,-2.7968,10.2439"
"343.00,-2.7860,10.2729"
"344.00,-2.7755,10.2980"
"345.00,-2.7647,10.3056"
"346.00,-2.7539,10.3314"
"347.00,-2.7431,10.3548"
"348.00,-2.7340,10.3770"
"349.00,-2.7215,10.3164"
"350.00,-2.7124,10.4234"
"351.00,-2.7016,10.3582"
"352.00,-2.6924,10.3813"
"353.00,-2.6819,10.3204"
"354.00,-2.6728,10.3280"
"355.00,-2.6616,10.2698"
"356.00,-2.6512,10.3126"
"357.00,-2.6404,10.3206"
"358.00,-2.6296,10.3445"
"359.00,-2.6188,10.3673"
"360.00,-2.6080,10.3889"
"361.00,-2.5971,10.4094"
"362.00,-2.5867,10.4299"
"363.00,-2.5742,10.4300"
"364.00,-2.5651,10.5323"
"365.00,-2.5543,10.4628"
"366.00,-2.5438,10.4787"
"367.00,-2.5347,10.4793"
"368.00,-2.5252,10.4135"
"369.00,-2.5144,10.3674"
"370.00,-2.5023,10.3889"
"371.00,-2.4915,10.4749"
"372.00,-2.4807,10.4912"
"373.00,-2.4715,10.5066"
"374.00,-2.4594,10.4394"
"375.00,-2.4502,10.5229"
"376.00,-2.4394,10.4549"
"377.00,-2.4270,10.4721"
"378.00,-2.4178,10.5712"
"379.00,-2.4057,10.4999"
"380.00,-2.3966,10.5794"
"381.00,-2.3854,10.5095"
"382.00,-2.3733,10.5403"
"383.00,-2.3625,10.6196"
"384.00,-2.3517,10.6269"
"385.00,-2.3413,10.6372"
"386.00,-2.3301,10.6272"
"387.00,-2.3197,10.6539"
"388.00,-2.3089,10.6431"
"389.00,-2.2997,10.6518"
"390.00,-2.2873,10.5773"
"391.00,-2.2781,10.6703"
"392.00,-2.2660,10.5957"
"393.00,-2.2552,10.6697"
"394.00,-2.2444,10.6778"
"395.00,-2.2336,10.6823"
"396.00,-2.2231,10.6889"
"397.00,-2.2123,10.6781"
"398.00,-2.2015,10.6842"
"399.00,-2.1907,10.6899"
"400.00,-2.1799,10.6954"
"401.00,-2.1678,10.7013"
"402.00,-2.1570,10.7703"
"403.00,-2.1462,10.7731"
"404.00,-2.1354,10.7730"
"405.00,-2.1249,10.7751"
"406.00,-2.1141,10.7599"
"407.00,-2.1033,10.7619"
"408.00,-2.0925,10.7637"
"409.00,-2.0817,10.7655"
"410.00,-2.0713,10.7679"
"411.00,-2.0605,10.7518"
"412.00,-2.0480,10.7555"
"413.00,-2.0372,10.8388"
"414.00,-2.0268,10.8362"
"415.00,-2.0160,10.8187"
"416.00,-2.0035,10.8177"
"417.00,-1.9944,10.8986"
"418.00,-1.9819,10.8118"
"419.00,-1.9715,10.8936"
"420.00,-1.9603,10.8713"
"421.00,-1.9499,10.8853"
"422.00,-1.9407,10.8635"
"423.00,-1.9286,10.7790"
"424.00,-1.9175,10.8455"
"425.00,-1.9174,10.8595"
"426.00,-1.9081,10.7916"
"427.00,-1.8974,10.7762"
"428.00,-1.8853,10.8586"
"429.00,-1.8760,10.7537"
"430.00,-1.8653,10.7651"
"431.00,-1.8529,10.8596"
"432.00,-1.8436,10.7547"
"433.00,-1.8313,10.8479"
"434.00,-1.8209,10.8400"
"435.00,-1.8099,10.8180"
"436.00,-1.7992,10.8261"
"437.00,-1.7885,10.8357"
"438.00,-1.7778,10.8031"
"439.00,-1.7670,10.8071"
"440.00,-1.7560,10.8224"
"441.00,-1.7456,10.8158"
"442.00,-1.7333,10.8606"
"443.00,-1.7228,10.8664"
"444.00,-1.7117,10.8589"
"445.00,-1.7010,10.8601"
"446.00,-1.6890,10.9334"
"447.00,-1.6796,10.8252"
"448.00,-1.6672,10.9308"
"449.00,-1.6580,10.8221"
"450.00,-1.6457,10.9067"
"451.00,-1.6402,10.6505"
"452.00,-1.6289,10.6547"
"453.00,-1.6171,10.7252"
"454.00,-1.6029,10.9143"
"455.00,-1.5923,10.8781"
"456.00,-1.5814,10.8781"
"457.00,-1.5708,10.8890"
"458.00,-1.5600,10.8494"
"459.00,-1.5477,10.9474"
"460.00,-1.5388,10.8488"
"461.00,-1.5276,10.8371"
"462.00,-1.5155,10.9356"
"463.00,-1.5047,10.8939"
"464.00,-1.4943,10.9077"
"465.00,-1.4831,10.8838"
"466.00,-1.4725,10.8980"
"467.00,-1.4619,10.8839"
"468.00,-1.4510,10.8541"
"469.00,-1.4419,10.8042"
"470.00,-1.4294,10.8512"
"471.00,-1.4206,10.7850"
"472.00,-1.4095,10.7675"
"473.00,-1.3974,10.8691"
"474.00,-1.3866,10.8310"
"475.00,-1.3758,10.8640"
"476.00,-1.3651,10.8263"
"477.00,-1.3543,10.8286"
"478.00,-1.3421,10.9234"
"479.00,-1.3313,10.8828"
"480.00,-1.3208,10.8966"
"481.00,-1.3100,10.8574"
"482.00,-1.3005,10.8234"
"483.00,-1.2899,10.7879"
"484.00,-1.2777,10.8574"
"485.00,-1.2684,10.8034"
"486.00,-1.2579,10.7527"
"487.00,-1.2485,10.7237"
"488.00,-1.2360,10.7752"
"489.00,-1.2256,10.7941"
"490.00,-1.2148,10.7603"
"491.00,-1.2023,10.8781"
"492.00,-1.1917,10.8402"
"493.00,-1.1808,10.8415"
"494.00,-1.1719,10.7718"
"495.00,-1.1594,10.8211"
"496.00,-1.1503,10.7721"
"497.00,-1.1378,10.8214"
"498.00,-1.1289,10.7560"
"499.00,-1.1182,10.7494"
"500.00,-1.1087,10.6614"
"501.00,-1.0966,10.7675"
"502.00,-1.0875,10.6535"
"503.00,-1.0754,10.7600"
"504.00,-1.0659,10.6628"
"505.00,-1.0567,10.6215"
"506.00,-1.0444,10.6786"
"507.00,-1.0336,10.6878"
"508.00,-1.0230,10.7074"
"509.00,-1.0106,10.7603"
"510.00,-1.0001,10.7793"
"511.00,-0.9906,10.6815"
"512.00,-0.9801,10.7044"
"513.00,-0.9692,10.6921"
"514.00,-0.9583,10.7005"
"515.00,-0.9494,10.6376"
"516.00,-0.9386,10.6124"
"517.00,-0.9281,10.6386"
"518.00,-0.9170,10.6298"
"519.00,-0.9063,10.6552"
"520.00,-0.8973,10.5722"
"521.00,-0.8865,10.5587"
"522.00,-0.8757,10.6039"
"523.00,-0.8649,10.5806"
"524.00,-0.8541,10.6246"
"525.00,-0.8433,10.6003"
"526.00,-0.8343,10.5451"
"527.00,-0.8234,10.5658"
"528.00,-0.8113,10.6183"
"529.00,-0.8021,10.5785"
"530.00,-0.7913,10.5566"
"531.00,-0.7805,10.6016"
"532.00,-0.7697,10.5787"
"533.00,-0.7605,10.5407"
"534.00,-0.7484,10.5863"
"535.00,-0.7389,10.5642"
"536.00,-0.7281,10.5433"
"537.00,-0.7193,10.4906"
"538.00,-0.7098,10.4079"
"539.00,-0.6993,10.4437"
"540.00,-0.6882,10.4453"
"541.00,-0.6777,10.4792"
"542.00,-0.6669,10.4627"
"543.00,-0.6565,10.4957"
"544.00,-0.6470,10.4129"
"545.00,-0.6362,10.4647"
"546.00,-0.6255,10.4490"
"547.00,-0.6147,10.4691"
"548.00,-0.6057,10.4173"
"549.00,-0.5946,10.4204"
"550.00,-0.5841,10.4553"
"551.00,-0.5734,10.4402"
"552.00,-0.5642,10.4086"
"553.00,-0.5536,10.3959"
"554.00,-0.5440,10.3531"
"555.00,-0.5334,10.3888"
"556.00,-0.5226,10.3772"
"557.00,-0.5136,10.3322"
"558.00,-0.5027,10.3641"
"559.00,-0.4919,10.3616"
"560.00,-0.4814,10.3992"
"561.00,-0.4722,10.3054"
"562.00,-0.4614,10.3620"
"563.00,-0.4506,10.3520"
"564.00,-0.4415,10.3244"
"565.00,-0.4308,10.3163"
"566.00,-0.4200,10.3428"
"567.00,-0.4107,10.3133"
"568.00,-0.3999,10.3058"
"569.00,-0.3907,10.2805"
"570.00,-0.3801,10.2747"
"571.00,-0.3709,10.2213"
"572.00,-0.3600,10.2797"
"573.00,-0.3508,10.1922"
"574.00,-0.3387,10.3196"
"575.00,-0.3296,10.2302"
"576.00,-0.3187,10.2902"
"577.00,-0.3093,10.2187"
"578.00,-0.2971,10.3447"
"579.00,-0.2880,10.2541"
"580.00,-0.2775,10.2965"
"581.00,-0.2680,10.2248"
"582.00,-0.2588,10.2031"
"583.00,-0.2481,10.2015"
"584.00,-0.2376,10.2464"
"585.00,-0.2268,10.2427"
"586.00,-0.2173,10.2364"
"587.00,-0.2067,10.2333"
"588.00,-0.1975,10.1818"
"589.00,-0.1868,10.2255"
"590.00,-0.1777,10.1412"
"591.00,-0.1667,10.2053"
"592.00,-0.1561,10.2276"
"593.00,-0.1470,10.1506"
"594.00,-0.1361,10.2141"
"595.00,-0.1267,10.1469"
"596.00,-0.1162,10.1942"
"597.00,-0.1054,10.1935"
"598.00,-0.0962,10.1729"
"599.00,-0.0856,10.1733"
"600.00,-0.0747,10.2064"
"601.00,-0.0654,10.1833"
"602.00,-0.0563,10.1015"
"603.00,-0.0457,10.1508"
"604.00,-0.0363,10.1106"
"605.00,-0.0255,10.1214"
"606.00,-0.0150,10.1697"
"607.00,-0.0056,10.1050"
"608.00,0.0049,10.1541"
"609.00,0.0159,10.1721"
"610.00,0.0250,10.1233"
"611.00,0.0372,10.2370"
"612.00,0.0463,10.1653"
"613.00,0.0573,10.2150"
"614.00,0.0665,10.1733"
"615.00,0.0771,10.1776"
"616.00,0.0863,10.1285"
"617.00,0.0953,10.0927"
"618.00,0.1063,10.1141"
"619.00,0.1155,10.0969"
"620.00,0.1262,10.1017"
"621.00,0.1353,10.0563"
"622.00,0.1460,10.1058"
"623.00,0.1571,10.1266"
"624.00,0.1676,10.1741"
"625.00,0.1767,10.0933"
"626.00,0.1875,10.1588"
"627.00,0.1983,10.1607"
"628.00,0.2093,10.2227"
"629.00,0.2196,10.2284"
"630.00,0.2291,10.1683"
"631.00,0.2396,10.2135"
"632.00,0.2489,10.1473"
"633.00,0.2597,10.1813"
"634.00,0.2687,10.1426"
"635.00,0.2793,10.1455"
"636.00,0.2901,10.1795"
"637.00,0.2982,10.0918"
"638.00,0.3088,10.0974"
"639.00,0.3195,10.1338"
"640.00,0.3301,10.1649"
"641.00,0.3411,10.1954"
"642.00,0.3518,10.2268"
"643.00,0.3610,10.1846"
"644.00,0.3730,10.2544"
"645.00,0.3839,10.3113"
"646.00,0.3948,10.3225"
"647.00,0.4040,10.2657"
"648.00,0.4146,10.2902"
"649.00,0.4238,10.2447"
"650.00,0.4348,10.2626"
"651.00,0.4455,10.2905"
"652.00,0.4561,10.3138"
"653.00,0.4668,10.3206"
"654.00,0.4762,10.2802"
"655.00,0.4870,10.3170"
"656.00,0.4960,10.2333"
"657.00,0.5084,10.3444"
"658.00,0.5174,10.2972"
"659.00,0.5285,10.3095"
"660.00,0.5390,10.3468"
"661.00,0.5498,10.3402"
"662.00,0.5603,10.3760"
"663.00,0.5710,10.3680"
"664.00,0.5819,10.4187"
"665.00,0.5926,10.4087"
"666.00,0.6036,10.4572"
"667.00,0.6127,10.3862"
"668.00,0.6234,10.3842"
"669.00,0.6343,10.4339"
"670.00,0.6449,10.4233"
"671.00,0.6540,10.3611"
"672.00,0.6647,10.3947"
"673.00,0.6757,10.4025"
"674.00,0.6863,10.4348"
"675.00,0.6970,10.4242"
"676.00,0.7076,10.4553"
"677.00,0.7185,10.4602"
"678.00,0.7293,10.4779"
"679.00,0.7400,10.5055"
"680.00,0.7506,10.4916"
"681.00,0.7616,10.5240"
"682.00,0.7723,10.5354"
"683.00,0.7828,10.5431"
"684.00,0.7935,10.5305"
"685.00,0.8028,10.4906"
"686.00,0.8151,10.5594"
"687.00,0.8245,10.5180"
"688.00,0.8352,10.5260"
"689.00,0.8459,10.5173"
"690.00,0.8568,10.5598"
"691.00,0.8674,10.5435"
"692.00,0.8767,10.4804"
"693.00,0.8889,10.5841"
"694.00,0.8998,10.5776"
"695.00,0.9106,10.6059"
"696.00,0.9197,10.5279"
"697.00,0.9319,10.6069"
"698.00,0.9427,10.6166"
"699.00,0.9535,10.6257"
"700.00,0.9641,10.6343"
"701.00,0.9747,10.6150"
"702.00,0.9854,10.6413"
"703.00,0.9946,10.5503"
"704.00,1.0070,10.6478"
"705.00,1.0163,10.5845"
"706.00,1.0284,10.6578"
"707.00,1.0376,10.5830"
"708.00,1.0499,10.6757"
"709.00,1.0608,10.6707"
"710.00,1.0716,10.6940"
"711.00,1.0820,10.6772"
"712.00,1.0928,10.6722"
"713.00,1.1038,10.6979"
"714.00,1.1145,10.6976"
"715.00,1.1253,10.6999"
"716.00,1.1359,10.7048"
"717.00,1.1482,10.7640"
"718.00,1.1572,10.7005"
"719.00,1.1694,10.7543"
"720.00,1.1789,10.7077"
"721.00,1.1897,10.7067"
"722.00,1.2005,10.7113"
"723.00,1.2108,10.6994"
"724.00,1.2216,10.6798"
"725.00,1.2313,10.6531"
"726.00,1.2432,10.7177"
"727.00,1.2539,10.6973"
"728.00,1.2643,10.6941"
"729.00,1.2756,10.7158"
"730.00,1.2863,10.7280"
"731.00,1.2987,10.8053"
"732.00,1.3092,10.7887"
"733.00,1.3198,10.7892"
"734.00,1.3305,10.7654"
"735.00,1.3414,10.7886"
"736.00,1.3520,10.7729"
"737.00,1.3642,10.8423"
"738.00,1.3736,10.7748"
"739.00,1.3841,10.7597"
"740.00,1.3951,10.7616"
"741.00,1.4074,10.8531"
"742.00,1.4183,10.8590"
"743.00,1.4287,10.8155"
"744.00,1.4394,10.8251"
"745.00,1.4485,10.7394"
"746.00,1.4607,10.8053"
"747.00,1.4718,10.8239"
"748.00,1.4823,10.8063"
"749.00,1.4931,10.8060"
"750.00,1.5039,10.8056"
"751.00,1.5147,10.8079"
"752.00,1.5254,10.8049"
"753.00,1.5347,10.7203"
"754.00,1.5468,10.7922"
"755.00,1.5563,10.7271"
"756.00,1.5670,10.7332"
"757.00,1.5792,10.7970"
"758.00,1.5899,10.8021"
"759.00,1.6021,10.8625"
"760.00,1.6129,10.8642"
"761.00,1.6236,10.8585"
"762.00,1.6341,10.8367"
"763.00,1.6449,10.8374"
"764.00,1.6559,10.8354"
"765.00,1.6669,10.8573"
"766.00,1.6776,10.8471"
"767.00,1.6865,10.7363"
"768.00,1.6993,10.8527"
"769.00,1.7097,10.8288"
"770.00,1.7205,10.8274"
"771.00,1.7297,10.7441"
"772.00,1.7418,10.8124"
"773.00,1.7528,10.8281"
"774.00,1.7634,10.8001"
"775.00,1.7741,10.8149"
"776.00,1.7847,10.7830"
"777.00,1.7958,10.8150"
"778.00,1.8066,10.8095"
"779.00,1.8187,10.8744"
"780.00,1.8279,10.7889"
"781.00,1.8386,10.7894"
"782.00,1.8495,10.7799"
"783.00,1.8603,10.7955"
"784.00,1.8707,10.7747"
"785.00,1.8815,10.7660"
"786.00,1.8940,10.8640"
"787.00,1.9015,10.6926"
"788.00,1.9123,10.6979"
"789.00,1.9244,10.7684"
"790.00,1.9368,10.8518"
"791.00,1.9460,10.7574"
"792.00,1.9568,10.7739"
"793.00,1.9688,10.8362"
"794.00,1.9784,10.7590"
"795.00,1.9905,10.8407"
"796.00,2.0013,10.8343"
"797.00,2.0105,10.7508"
"798.00,2.0196,10.6714"
"799.00,2.0321,10.7498"
"800.00,2.0429,10.7664"
"801.00,2.0520,10.6819"
"802.00,2.0625,10.6714"
"803.00,2.0734,10.6833"
"804.00,2.0842,10.6891"
"805.00,2.0963,10.7600"
"806.00,2.1072,10.7675"
"807.00,2.1180,10.7691"
"808.00,2.1288,10.7706"
"809.00,2.1394,10.7665"
"810.00,2.1500,10.7422"
"811.00,2.1607,10.7534"
"812.00,2.1719,10.7733"
"813.00,2.1929,10.6874"
"814.00,2.2030,10.7475"
"815.00,2.2146,10.7174"
"816.00,2.2256,10.7610"
"817.00,2.2347,10.7711"
"818.00,2.2450,10.6867"
"819.00,2.2560,10.6719"
"820.00,2.2667,10.6863"
"821.00,2.2771,10.6879"
"822.00,2.2884,10.6731"
"823.00,2.3004,10.7038"
"824.00,2.3112,10.7701"
"825.00,2.3221,10.7676"
"826.00,2.3308,10.7770"
"827.00,2.3434,10.6721"
"828.00,2.3524,10.7681"
"829.00,2.3637,10.6801"
"830.00,2.3741,10.7102"
"831.00,2.3831,10.6944"
"832.00,2.3941,10.6140"
"833.00,2.4031,10.6309"
"834.00,2.4157,10.5499"
"835.00,2.4248,10.6518"
"836.00,2.4368,10.5736"
"837.00,2.4481,10.6466"
"838.00,2.4584,10.6781"
"839.00,2.4677,10.6603"
"840.00,2.4781,10.5929"
"841.00,2.4906,10.5794"
"842.00,2.4997,10.6796"
"843.00,2.5118,10.5964"
"844.00,2.5210,10.6739"
"845.00,2.5318,10.6001"
"846.00,2.5426,10.6101"
"847.00,2.5534,10.6196"
"848.00,2.5625,10.6304"
"849.00,2.5734,10.5534"
"850.00,2.5825,10.5675"
"851.00,2.5933,10.4973"
"852.00,2.6025,10.5124"
"853.00,2.6133,10.4449"
"854.00,2.6237,10.4644"
"855.00,2.6333,10.4613"
"856.00,2.6440,10.4163"
"857.00,2.6562,10.4319"
"858.00,2.6653,10.5174"
"859.00,2.6761,10.4498"
"860.00,2.6870,10.4672"
"861.00,2.6977,10.4856"
"862.00,2.7069,10.4978"
"863.00,2.7174,10.4328"
"864.00,2.7268,10.4348"
"865.00,2.7377,10.3875"
"866.00,2.7481,10.4098"
"867.00,2.7593,10.4096"
"868.00,2.7680,10.4488"
"869.00,2.7789,10.3648"
"870.00,2.7880,10.3882"
"871.00,2.8005,10.3269"
"872.00,2.8096,10.4340"
"873.00,2.8191,10.3672"
"874.00,2.8296,10.3250"
"875.00,2.8404,10.3323"
"876.00,2.8512,10.3557"
"877.00,2.8620,10.3779"
"878.00,2.8728,10.4005"
"879.00,2.8820,10.4173"
"880.00,2.8924,10.3562"
"881.00,2.9016,10.3620"
"882.00,2.9124,10.3020"
"883.00,2.9219,10.3269"
"884.00,2.9324,10.2851"
"885.00,2.9432,10.2944"
"886.00,2.9523,10.3196"
"887.00,2.9631,10.2619"
"888.00,2.9739,10.2887"
"889.00,2.9847,10.3157"
"890.00,2.9939,10.3369"
"891.00,3.0060,10.2798"
"892.00,3.0155,10.3712"
"893.00,3.0260,10.3271"
"894.00,3.0351,10.3344"
"895.00,3.0459,10.2758"
"896.00,3.0554,10.3034"
"897.00,3.0659,10.2599"
"898.00,3.0767,10.2720"
"899.00,3.0858,10.2983"
"900.00,3.0966,10.2416"
"901.00,3.1062,10.2694"
"902.00,3.1166,10.2319"
"903.00,3.1258,10.2411"
"904.00,3.1366,10.1886"
"905.00,-3.1358,10.2192"
"906.00,-3.1250,10.2482"
"907.00,-3.1142,10.2758"
"908.00,-3.1051,10.3047"
"909.00,-3.0942,10.2435"
"910.00,-3.0835,10.2740"
"911.00,-3.0730,10.2975"
"912.00,-3.0635,10.3076"
"913.00,-3.0547,10.2681"
"914.00,-3.0455,10.1938"
"915.00,-3.0331,10.1436"
"916.00,-3.0239,10.2569"
"917.00,-3.0131,10.2049"
"918.00,-3.0023,10.2319"
"919.00,-2.9945,10.2642"
"920.00,-2.9823,10.1398"
"921.00,-2.9715,10.2395"
"922.00,-2.9624,10.2688"
"923.00,-2.9519,10.2110"
"924.00,-2.9391,10.2253"
"925.00,-2.9316,10.3534"
"926.00,-2.9195,10.2096"
"927.00,-2.9104,10.3070"
"928.00,-2.8992,10.2474"
"929.00,-2.8888,10.2938"
"930.00,-2.8796,10.3003"
"931.00,-2.8704,10.2446"
"932.00,-2.8596,10.1918"
"933.00,-2.8488,10.2197"
"934.00,-2.8397,10.2511"
"935.00,-2.8288,10.1931"
"936.00,-2.8184,10.2282"
"937.00,-2.8073,10.2369"
"938.00,-2.7964,10.2825"
"939.00,-2.7860,10.3095"
"940.00,-2.7752,10.3153"
"941.00,-2.7660,10.3418"
"942.00,-2.7552,10.2806"
"943.00,-2.7444,10.3077"
"944.00,-2.7340,10.3334"
"945.00,-2.7248,10.3381"
"946.00,-2.7140,10.2805"
"947.00,-2.7032,10.3053"
"948.00,-2.6924,10.3322"
"949.00,-2.6832,10.3534"
"950.00,-2.6725,10.2971"
"951.00,-2.6617,10.3190"
"952.00,-2.6524,10.3430"
"953.00,-2.6420,10.2861"
"954.00,-2.6312,10.2934"
"955.00,-2.6188,10.3207"
"956.00,-2.6092,10.4244"
"957.00,-2.5972,10.3808"
"958.00,-2.5883,10.4641"
"959.00,-2.5759,10.3827"
"960.00,-2.5664,10.4863"
"961.00,-2.5559,10.4375"
"962.00,-2.5451,10.4373"
"963.00,-2.5343,10.4564"
"964.00,-2.5235,10.4755"
"965.00,-2.5144,10.4888"
"966.00,-2.5035,10.4225"
"967.00,-2.4931,10.4432"
"968.00,-2.4823,10.4428"
"969.00,-2.4715,10.4625"
"970.00,-2.4590,10.4775"
"971.00,-2.4516,10.5781"
"972.00,-2.4394,10.4228"
"973.00,-2.4270,10.5071"
"974.00,-2.4178,10.6044"
"975.00,-2.4074,10.5333"
"976.00,-2.3949,10.5284"
"977.00,-2.3841,10.6247"
"978.00,-2.3750,10.6343"
"979.00,-2.3625,10.5590"
"980.00,-2.3534,10.6554"
"981.00,-2.3409,10.5782"
"982.00,-2.3301,10.6736"
"983.00,-2.3210,10.6782"
"984.00,-2.3089,10.6017"
"985.00,-2.2997,10.6770"
"986.00,-2.2873,10.6037"
"987.00,-2.2781,10.6921"
"988.00,-2.2673,10.6173"
"989.00,-2.2552,10.6280"
"990.00,-2.2444,10.7004"
"991.00,-2.2323,10.7046"
"992.00,-2.2211,10.7748"
"993.00,-2.2107,10.7946"
"994.00,-2.2015,10.7755"
"995.00,-2.1891,10.6979"
"996.00,-2.1786,10.7818"
"997.00,-2.1678,10.7678"
"998.00,-2.1583,10.7694"
"999.00,-2.1459,10.7068"
"1000.00,-2.1354,10.7919"
"1001.00,-2.1246,10.7745"
"1002.00,-2.1142,10.7785"
"1003.00,-2.1030,10.7604"
"1004.00,-2.0922,10.7815"
"1005.00,-2.0830,10.7810"
"1006.00,-2.0709,10.7001"
"1007.00,-2.0601,10.7705"
"1008.00,-2.0493,10.7719"
"1009.00,-2.0373,10.7733"
"1010.00,-2.0264,10.8388"
"1011.00,-2.0160,10.8394"
"1012.00,-2.0032,10.8185"
"1013.00,-1.9940,10.9182"
"1014.00,-1.9836,10.8292"
"1015.00,-1.9728,10.8113"
"1016.00,-1.9620,10.8102"
"1017.00,-1.9511,10.8096"
"1018.00,-1.9407,10.8108"
"1019.00,-1.9299,10.7917"
"1020.00,-1.9191,10.7942"
"1021.00,-1.9191,10.7923"
"1022.00,-1.9097,10.7130"
"1023.00,-1.8989,10.7380"
"1024.00,-1.8865,10.8131"
"1025.00,-1.8760,10.7961"
"1026.00,-1.8652,10.7962"
"1027.00,-1.8546,10.7964"
"1028.00,-1.8423,10.8523"
"1029.00,-1.8314,10.8539"
"1030.00,-1.8209,10.8663"
"1031.00,-1.8099,10.8381"
"1032.00,-1.7992,10.8453"
"1033.00,-1.7883,10.8539"
"1034.00,-1.7778,10.8300"
"1035.00,-1.7669,10.8448"
"1036.00,-1.7561,10.8111"
"1037.00,-1.7456,10.8352"
"1038.00,-1.7349,10.7924"
"1039.00,-1.7239,10.8180"
"1040.00,-1.7117,10.8934"
"1041.00,-1.7009,10.8840"
"1042.00,-1.6901,10.8797"
"1043.00,-1.6796,10.8594"
"1044.00,-1.6687,10.8727"
"1045.00,-1.6580,10.8378"
"1046.00,-1.6474,10.8602"
"1047.00,-1.6386,10.7292"
"1048.00,-1.6289,10.6876"
"1049.00,-1.6172,10.7368"
"1050.00,-1.6044,10.8381"
"1051.00,-1.5937,10.8354"
"1052.00,-1.5833,10.8282"
"1053.00,-1.5705,10.8945"
"1054.00,-1.5615,10.8266"
"1055.00,-1.5509,10.8159"
"1056.00,-1.5384,10.8712"
"1057.00,-1.5293,10.8208"
"1058.00,-1.5168,10.8666"
"1059.00,-1.5064,10.8818"
"1060.00,-1.4955,10.8428"
"1061.00,-1.4848,10.8754"
"1062.00,-1.4739,10.8369"
"1063.00,-1.4648,10.7879"
"1064.00,-1.4527,10.8192"
"1065.00,-1.4401,10.9348"
"1066.00,-1.4311,10.8370"
"1067.00,-1.4203,10.8096"
"1068.00,-1.4111,10.7619"
"1069.00,-1.3990,10.7946"
"1070.00,-1.3880,10.8294"
"1071.00,-1.3774,10.8188"
"1072.00,-1.3682,10.7107"
"1073.00,-1.3562,10.8150"
"1074.00,-1.3450,10.7961"
"1075.00,-1.3329,10.8962"
"1076.00,-1.3221,10.8570"
"1077.00,-1.3116,10.8720"
"1078.00,-1.3021,10.7686"
"1079.00,-1.2914,10.8045"
"1080.00,-1.2805,10.7700"
"1081.00,-1.2699,10.7893"
"1082.00,-1.2580,10.8463"
"1083.00,-1.2468,10.8351"
"1084.00,-1.2364,10.8511"
"1085.00,-1.2256,10.8144"
"1086.00,-1.2135,10.9132"
"1087.00,-1.2040,10.8080"
"1088.00,-1.1932,10.8416"
"1089.00,-1.1824,10.8054"
"1090.00,-1.1717,10.8227"
"1091.00,-1.1611,10.8128"
"1092.00,-1.1503,10.7870"
"1093.00,-1.1395,10.8215"
"1094.00,-1.1287,10.7866"
"1095.00,-1.1182,10.8046"
"1096.00,-1.1074,10.7869"
"1097.00,-1.0969,10.7701"
"1098.00,-1.0861,10.7759"
"1099.00,-1.0769,10.6953"
"1100.00,-1.0645,10.7823"
"1101.00,-1.0537,10.7831"
"1102.00,-1.0432,10.7676"
"1103.00,-1.0324,10.7692"
"1104.00,-1.0216,10.7707"
"1105.00,-1.0108,10.7721"
"1106.00,-1.0000,10.7735"
"1107.00,-0.9892,10.7748"
"1108.00,-0.9788,10.7596"
"1109.00,-0.9678,10.7671"
"1110.00,-0.9584,10.7075"
"1111.00,-0.9480,10.6818"
"1112.00,-0.9372,10.6919"
"1113.00,-0.9264,10.6973"
"1114.00,-0.9170,10.6260"
"1115.00,-0.9048,10.7207"
"1116.00,-0.8956,10.6289"
"1117.00,-0.8852,10.6254"
"1118.00,-0.8740,10.6504"
"1119.00,-0.8636,10.6415"
"1120.00,-0.8528,10.6494"
"1121.00,-0.8420,10.6569"
"1122.00,-0.8312,10.6640"
"1123.00,-0.8220,10.5889"
"1124.00,-0.8099,10.6649"
"1125.00,-0.8007,10.5898"
"1126.00,-0.7899,10.6003"
"1127.00,-0.7791,10.6103"
"1128.00,-0.7683,10.6197"
"1129.00,-0.7592,10.5469"
"1130.00,-0.7471,10.6250"
"1131.00,-0.7376,10.5682"
"1132.00,-0.7284,10.4980"
"1133.00,-0.7176,10.5131"
"1134.00,-0.7088,10.4292"
"1135.00,-0.6962,10.5350"
"1136.00,-0.6871,10.4704"
"1137.00,-0.6747,10.5551"
"1138.00,-0.6656,10.4896"
"1139.00,-0.6535,10.5705"
"1140.00,-0.6440,10.5165"
"1141.00,-0.6335,10.5143"
"1142.00,-0.6242,10.4522"
"1143.00,-0.6135,10.4736"
"1144.00,-0.6044,10.3946"
"1145.00,-0.5936,10.4188"
"1146.00,-0.5828,10.4379"
"1147.00,-0.5736,10.3741"
"1148.00,-0.5615,10.4608"
"1149.00,-0.5539,10.3196"
"1150.00,-0.5427,10.3599"
"1151.00,-0.5320,10.3858"
"1152.00,-0.5229,10.3113"
"1153.00,-0.5124,10.3234"
"1154.00,-0.5015,10.3526"
"1155.00,-0.4906,10.3749"
"1156.00,-0.4816,10.3182"
"1157.00,-0.4692,10.4109"
"1158.00,-0.4601,10.3523"
"1159.00,-0.4493,10.3747"
"1160.00,-0.4385,10.3959"
"1161.00,-0.4293,10.3343"
"1162.00,-0.4201,10.2758"
"1163.00,-0.4077,10.3838"
"1164.00,-0.3985,10.3227"
"1165.00,-0.3894,10.2648"
"1166.00,-0.3789,10.2751"
"1167.00,-0.3697,10.2195"
"1168.00,-0.3586,10.2649"
"1169.00,-0.3495,10.2098"
"1170.00,-0.3373,10.3047"
"1171.00,-0.3282,10.2476"
"1172.00,-0.3174,10.2752"
"1173.00,-0.3082,10.2196"
"1174.00,-0.2958,10.3304"
"1175.00,-0.2853,10.3375"
"1176.00,-0.2761,10.2788"
"1177.00,-0.2650,10.3211"
"1178.00,-0.2559,10.2632"
"1179.00,-0.2454,10.2737"
"1180.00,-0.2362,10.2182"
"1181.00,-0.2254,10.2473"
"1182.00,-0.2159,10.2094"
"1183.00,-0.2068,10.1571"
"1184.00,-0.1963,10.1728"
"1185.00,-0.1855,10.2042"
"1186.00,-0.1744,10.2503"
"1187.00,-0.1668,10.1141"
"1188.00,-0.1547,10.2138"
"1189.00,-0.1456,10.1613"
"1190.00,-0.1348,10.1932"
"1191.00,-0.1240,10.2235"
"1192.00,-0.1132,10.2523"
"1193.00,-0.1040,10.1978"
"1194.00,-0.0932,10.2279"
"1195.00,-0.0840,10.1747"
"1196.00,-0.0733,10.2059"
"1197.00,-0.0625,10.2356"
"1198.00,-0.0533,10.1819"
"1199.00,-0.0441,10.1310"
"1200.00,-0.0333,10.1644"
"1201.00,-0.0242,10.1144"
"1202.00,-0.0134,10.1487"
"1203.00,-0.0029,10.1648"
"1204.00,0.0079,10.1965"
"1205.00,0.0175,10.1612"
"1206.00,0.0279,10.1858"
"1207.00,0.0387,10.2039"
"1208.00,0.0495,10.2462"
"1209.00,0.0603,10.2613"
"1210.00,0.0694,10.2099"
"1211.00,0.0802,10.2394"
"1212.00,0.0895,10.1856"
"1213.00,0.0986,10.1434"
"1214.00,0.1110,10.2456"
"1215.00,0.1202,10.1949"
"1216.00,0.1306,10.2088"
"1217.00,0.1414,10.2384"
"1218.00,0.1509,10.2010"
"1219.00,0.1615,10.2145"
"1220.00,0.1706,10.1708"
"1221.00,0.1814,10.1899"
"1222.00,0.1905,10.1420"
"1223.00,0.2013,10.1749"
"1224.00,0.2122,10.2061"
"1225.00,0.2230,10.2447"
"1226.00,0.2335,10.2437"
"1227.00,0.2426,10.2020"
"1228.00,0.2533,10.2196"
"1229.00,0.2625,10.1702"
"1230.00,0.2733,10.2017"
"1231.00,0.2842,10.2316"
"1232.00,0.2936,10.2033"
"1233.00,0.3041,10.2045"
"1234.00,0.3132,10.1558"
"1235.00,0.3253,10.2534"
"1236.00,0.3345,10.1989"
"1237.00,0.3469,10.3107"
"1238.00,0.3562,10.2533"
"1239.00,0.3669,10.2894"
"1240.00,0.3777,10.3028"
"1241.00,0.3885,10.3310"
"1242.00,0.3977,10.2726"
"1243.00,0.4085,10.2989"
"1244.00,0.4190,10.3163"
"1245.00,0.4284,10.2630"
"1246.00,0.4376,10.2113"
"1247.00,0.4484,10.2407"
"1248.00,0.4593,10.2686"
"1249.00,0.4697,10.2875"
"1250.00,0.4808,10.3175"
"1251.00,0.4913,10.3285"
"1252.00,0.5021,10.3521"
"1253.00,0.5129,10.3744"
"1254.00,0.5233,10.3793"
"1255.00,0.5345,10.4167"
"1256.00,0.5450,10.4281"
"1257.00,0.5558,10.4347"
"1258.00,0.5666,10.4649"
"1259.00,0.5773,10.4698"
"1260.00,0.5881,10.4894"
"1261.00,0.5986,10.4885"
"1262.00,0.6078,10.4222"
"1263.00,0.6189,10.4575"
"1264.00,0.6294,10.4582"
"1265.00,0.6402,10.4838"
"1266.00,0.6493,10.4062"
"1267.00,0.6585,10.3471"
"1268.00,0.6709,10.4515"
"1269.00,0.6801,10.3872"
"1270.00,0.6922,10.4817"
"1271.00,0.7031,10.4859"
"1272.00,0.7155,10.5951"
"1273.00,0.7246,10.5119"
"1274.00,0.7367,10.5948"
"1275.00,0.7475,10.6050"
"1276.00,0.7567,10.5329"
"1277.00,0.7691,10.6280"
"1278.00,0.7783,10.5548"
"1279.00,0.7891,10.5755"
"1280.00,0.7996,10.5588"
"1281.00,0.8107,10.5987"
"1282.00,0.8211,10.5809"
"1283.00,0.8319,10.5949"
"1284.00,0.8411,10.5233"
"1285.00,0.8536,10.6189"
"1286.00,0.8627,10.5545"
"1287.00,0.8749,10.6263"
"1288.00,0.8858,10.6379"
"1289.00,0.8965,10.6489"
"1290.00,0.9074,10.6505"
"1291.00,0.9181,10.6639"
"1292.00,0.9303,10.7302"
"1293.00,0.9393,10.6577"
"1294.00,0.9518,10.7408"
"1295.00,0.9610,10.6648"
"1296.00,0.9731,10.7399"
"1297.00,0.9824,10.6690"
"1298.00,0.9947,10.7436"
"1299.00,1.0038,10.6703"
"1300.00,1.0147,10.6711"
"1301.00,1.0252,10.6640"
"1302.00,1.0359,10.6736"
"1303.00,1.0484,10.7560"
"1304.00,1.0592,10.7610"
"1305.00,1.0696,10.7494"
"1306.00,1.0803,10.7436"
"1307.00,1.0912,10.7491"
"1308.00,1.1034,10.8199"
"1309.00,1.1128,10.7562"
"1310.00,1.1250,10.8181"
"1311.00,1.1344,10.7574"
"1312.00,1.1466,10.8193"
"1313.00,1.1573,10.8238"
"1314.00,1.1679,10.8008"
"1315.00,1.1785,10.8062"
"1316.00,1.1895,10.8004"
"1317.00,1.1985,10.7240"
"1318.00,1.2108,10.7877"
"1319.00,1.2201,10.7338"
"1320.00,1.2325,10.8053"
"1321.00,1.2431,10.7913"
"1322.00,1.2540,10.7972"
"1323.00,1.2647,10.8000"
"1324.00,1.2770,10.8763"
"1325.00,1.2877,10.8507"
"1326.00,1.2986,10.8753"
"1327.00,1.3093,10.8444"
"1328.00,1.3199,10.8528"
"1329.00,1.3322,10.9050"
"1330.00,1.3416,10.8449"
"1331.00,1.3524,10.8372"
"1332.00,1.3628,10.8190"
"1333.00,1.3739,10.8344"
"1334.00,1.3844,10.8111"
"1335.00,1.3950,10.7968"
"1336.00,1.4075,10.8839"
"1337.00,1.4167,10.8168"
"1338.00,1.4274,10.7866"
"1339.00,1.4381,10.7976"
"1340.00,1.4503,10.8579"
"1341.00,1.4610,10.8602"
"1342.00,1.4719,10.8520"
"1343.00,1.4839,10.9199"
"1344.00,1.4948,10.9088"
"1345.00,1.5038,10.8266"
"1346.00,1.5147,10.8202"
"1347.00,1.5255,10.8217"
"1348.00,1.5362,10.8231"
"1349.00,1.5468,10.8005"
"1350.00,1.5562,10.7400"
"1351.00,1.5668,10.7216"
"1352.00,1.5791,10.8123"
"1353.00,1.5897,10.7903"
"1354.00,1.6004,10.7957"
"1355.00,1.6112,10.7910"
"1356.00,1.6221,10.7938"
"1357.00,1.6328,10.7966"
"1358.00,1.6450,10.8573"
"1359.00,1.6544,10.7938"
"1360.00,1.6666,10.8547"
"1361.00,1.6773,10.8568"
"1362.00,1.6865,10.7672"
"1363.00,1.6990,10.8530"
"1364.00,1.7081,10.7710"
"1365.00,1.7186,10.7513"
"1366.00,1.7297,10.7748"
"1367.00,1.7402,10.7549"
"1368.00,1.7513,10.7782"
"1369.00,1.7631,10.8237"
"1370.00,1.7725,10.7617"
"1371.00,1.7847,10.8244"
"1372.00,1.7958,10.8441"
"1373.00,1.8063,10.8209"
"1374.00,1.8171,10.8245"
"1375.00,1.8277,10.8154"
"1376.00,1.8400,10.8832"
"1377.00,1.8494,10.8181"
"1378.00,1.8616,10.8781"
"1379.00,1.8723,10.8787"
"1380.00,1.8813,10.7720"
"1381.00,1.8923,10.7943"
"1382.00,1.9046,10.8686"
"1383.00,1.9137,10.7702"
"1384.00,1.9244,10.7761"
"1385.00,1.9369,10.8546"
"1386.00,1.9474,10.8378"
"1387.00,1.9581,10.8380"
"1388.00,1.9688,10.8285"
"1389.00,1.9798,10.8303"
"1390.00,1.9905,10.8331"
"1391.00,2.0028,10.9056"
"1392.00,2.0118,10.8054"
"1393.00,2.0225,10.8094"
"1394.00,2.0334,10.8046"
"1395.00,2.0426,10.7247"
"1396.00,2.0533,10.7306"
"1397.00,2.0657,10.8061"
"1398.00,2.0764,10.8024"
"1399.00,2.0855,10.7225"
"1400.00,2.0978,10.7931"
"1401.00,2.1083,10.7792"
"1402.00,2.1195,10.8041"
"1403.00,2.1299,10.7854"
"1404.00,2.1408,10.7840"
"1405.00,2.1515,10.7889"
"1406.00,2.1620,10.7710"
"1407.00,2.1731,10.7813"
"1408.00,2.1925,10.7100"
"1409.00,2.2031,10.6831"
"1410.00,2.2147,10.6766"
"1411.00,2.2252,10.7243"
"1412.00,2.2360,10.7117"
"1413.00,2.2464,10.7201"
"1414.00,2.2560,10.6997"
"1415.00,2.2684,10.6473"
"1416.00,2.2775,10.7326"
"1417.00,2.2896,10.6542"
"1418.00,2.2988,10.7229"
"1419.00,2.3113,10.6509"
"1420.00,2.3220,10.7401"
"1421.00,2.3324,10.7411"
"1422.00,2.3421,10.7237"
"1423.00,2.3528,10.6699"
"1424.00,2.3615,10.6725"
"1425.00,2.3712,10.5768"
"1426.00,2.3833,10.5282"
"1427.00,2.3924,10.6073"
"1428.00,2.4031,10.5330"
"1429.00,2.4140,10.5426"
"1430.00,2.4248,10.5611"
"1431.00,2.4352,10.5730"
"1432.00,2.4477,10.5623"
"1433.00,2.4572,10.6616"
"1434.00,2.4677,10.6031"
"1435.00,2.4781,10.5947"
"1436.00,2.4877,10.5848"
"1437.00,2.5001,10.5376"
"1438.00,2.5105,10.6288"
"1439.00,2.5214,10.6173"
"1440.00,2.5305,10.6318"
"1441.00,2.5416,10.5584"
"1442.00,2.5521,10.5850"
"1443.00,2.5625,10.5793"
"1444.00,2.5721,10.5704"
"1445.00,2.5825,10.5236"
"1446.00,2.5937,10.5138"
"1447.00,2.6028,10.5498"
"1448.00,2.6136,10.4805"
"1449.00,2.6241,10.4946"
"1450.00,2.6365,10.4936"
"1451.00,2.6457,10.5871"
"1452.00,2.6565,10.5212"
"1453.00,2.6656,10.5351"
"1454.00,2.6777,10.4648"
"1455.00,2.6873,10.5435"
"1456.00,2.6980,10.4977"
"1457.00,2.7085,10.5094"
"1458.00,2.7177,10.5075"
"1459.00,2.7284,10.4402"
"1460.00,2.7380,10.4549"
"1461.00,2.7484,10.4133"
"1462.00,2.7588,10.4129"
"1463.00,2.7701,10.4126"
"1464.00,2.7792,10.4549"
"1465.00,2.7916,10.3870"
"1466.00,2.8004,10.4894"
"1467.00,2.8113,10.4034"
"1468.00,2.8220,10.4298"
"1469.00,2.8329,10.4418"
"1470.00,2.8437,10.4646"
"1471.00,2.8524,10.4813"
"1472.00,2.8633,10.3942"
"1473.00,2.8745,10.4192"
"1474.00,2.8852,10.4546"
"1475.00,2.8944,10.4703"
"1476.00,2.9049,10.4049"
"1477.00,2.9144,10.4082"
"1478.00,2.9248,10.3624"
"1479.00,2.9344,10.3648"
"1480.00,2.9435,10.3272"
"1481.00,2.9556,10.2659"
"1482.00,2.9651,10.3580"
"1483.00,2.9755,10.3147"
"1484.00,2.9864,10.3195"
"1485.00,2.9968,10.3495"
"1486.00,3.0064,10.3497"
"1487.00,3.0188,10.3127"
"1488.00,3.0292,10.4158"
"1489.00,3.0384,10.4187"
"1490.00,3.0488,10.3559"
"1491.00,3.0584,10.3588"
"1492.00,3.0692,10.3197"
"1493.00,3.0783,10.3437"
"1494.00,3.0891,10.2803"
"1495.00,3.0983,10.3106"
"1496.00,3.1091,10.2532"
"1497.00,3.1182,10.2791"
"1498.00,3.1291,10.2205"
"1499.00,3.1399,10.2537"
"1500.00,-3.1326,10.2809"
"1501.00,-3.1221,10.3054"
"1502.00,-3.1126,10.3124"
"1503.00,-3.1021,10.2741"
"1504.00,-3.0913,10.2826"
"1505.00,-3.0818,10.3071"
"1506.00,-3.0714,10.2690"
"1507.00,-3.0589,10.2751"
"1508.00,-3.0501,10.3885"
"1509.00,-3.0389,10.3055"
"1510.00,-3.0298,10.3519"
"1511.00,-3.0190,10.2898"
"1512.00,-3.0085,10.3153"
"1513.00,-2.9994,10.3231"
"1514.00,-2.9886,10.2651"
"1515.00,-2.9778,10.2905"
"1516.00,-2.9669,10.3160"
"1517.00,-2.9578,10.3440"
"1518.00,-2.9454,10.2824"
"1519.00,-2.9349,10.3900"
"1520.00,-2.9241,10.3929"
"1521.00,-2.9149,10.4133"
"1522.00,-2.9029,10.3545"
"1523.00,-2.8933,10.4372"
"1524.00,-2.8842,10.3948"
"1525.00,-2.8737,10.3295"
"1526.00,-2.8625,10.3367"
"1527.00,-2.8521,10.3798"
"1528.00,-2.8426,10.3796"
"1529.00,-2.8318,10.3399"
"1530.00,-2.8226,10.3605"
"1531.00,-2.8105,10.3006"
"1532.00,-2.8010,10.3910"
"1533.00,-2.7906,10.3460"
"1534.00,-2.7801,10.3511"
"1535.00,-2.7706,10.3572"
"1536.00,-2.7582,10.3172"
"1537.00,-2.7490,10.4209"
"1538.00,-2.7369,10.3580"
"1539.00,-2.7278,10.4444"
"1540.00,-2.7169,10.3803"
"1541.00,-2.7078,10.4046"
"1542.00,-2.6957,10.3382"
"1543.00,-2.6865,10.4288"
"1544.00,-2.6741,10.3655"
"1545.00,-2.6645,10.4691"
"1546.00,-2.6541,10.4223"
"1547.00,-2.6433,10.4205"
"1548.00,-2.6329,10.4437"
"1549.00,-2.6220,10.4409"
"1550.00,-2.6113,10.4630"
"1551.00,-2.6004,10.4757"
"1552.00,-2.5896,10.4940"
"1553.00,-2.5788,10.5112"
"1554.00,-2.5680,10.5236"
"1555.00,-2.5576,10.5374"
"1556.00,-2.5467,10.5321"
"1557.00,-2.5376,10.5495"
"1558.00,-2.5268,10.4763"
"1559.00,-2.5173,10.4943"
"1560.00,-2.5056,10.4461"
"1561.00,-2.4944,10.5089"
"1562.00,-2.4856,10.5437"
"1563.00,-2.4728,10.4545"
"1564.00,-2.4623,10.5736"
"1565.00,-2.4516,10.5667"
"1566.00,-2.4407,10.5775"
"1567.00,-2.4299,10.5904"
"1568.00,-2.4195,10.5999"
"1569.00,-2.4087,10.5926"
"1570.00,-2.3995,10.6029"
"1571.00,-2.3871,10.5336"
"1572.00,-2.3779,10.6252"
"1573.00,-2.3654,10.5539"
"1574.00,-2.3563,10.6497"
"1575.00,-2.3458,10.5736"
"1576.00,-2.3347,10.5685"
"1577.00,-2.3243,10.5965"
"1578.00,-2.3138,10.5894"
"1579.00,-2.3026,10.5836"
"1580.00,-2.2918,10.6131"
"1581.00,-2.2810,10.6208"
"1582.00,-2.2689,10.6298"
"1583.00,-2.2598,10.7037"
"1584.00,-2.2493,10.6267"
"1585.00,-2.2385,10.6182"
"1586.00,-2.2260,10.6272"
"1587.00,-2.2156,10.7200"
"1588.00,-2.2061,10.7045"
"1589.00,-2.1937,10.6469"
"1590.00,-2.1829,10.7348"
"1591.00,-2.1724,10.7380"
"1592.00,-2.1632,10.7247"
"1593.00,-2.1508,10.6466"
"1594.00,-2.1400,10.7354"
"1595.00,-2.1295,10.7407"
"1596.00,-2.1204,10.7245"
"1597.00,-2.1079,10.6470"
"1598.00,-2.0971,10.7386"
"1599.00,-2.0863,10.7395"
"1600.00,-2.0742,10.7445"
"1601.00,-2.0650,10.8108"
"1602.00,-2.0526,10.7291"
"1603.00,-2.0418,10.8144"
"1604.00,-2.0310,10.8142"
"1605.00,-2.0206,10.8122"
"1606.00,-2.0094,10.7952"
"1607.00,-1.9986,10.8131"
"1608.00,-1.9882,10.8124"
"1609.00,-1.9757,10.7935"
"1610.00,-1.9669,10.8780"
"1611.00,-1.9557,10.7736"
"1612.00,-1.9449,10.7935"
"1613.00,-1.9345,10.7927"
"1614.00,-1.9237,10.7766"
"1615.00,-1.9237,10.7778"
"1616.00,-1.9130,10.7647"
"1617.00,-1.9019,10.7816"
"1618.00,-1.8898,10.8687"
"1619.00,-1.8789,10.8506"
"1620.00,-1.8697,10.7711"
"1621.00,-1.8574,10.8592"
"1622.00,-1.8468,10.8301"
"1623.00,-1.8362,10.8382"
"1624.00,-1.8253,10.8267"
"1625.00,-1.8145,10.8301"
"1626.00,-1.8037,10.8285"
"1627.00,-1.7932,10.8108"
"1628.00,-1.7824,10.8102"
"1629.00,-1.7715,10.8097"
"1630.00,-1.7609,10.8139"
"1631.00,-1.7516,10.7218"
"1632.00,-1.7395,10.7959"
"1633.00,-1.7271,10.8779"
"1634.00,-1.7179,10.7922"
"1635.00,-1.7055,10.8743"
"1636.00,-1.6934,10.9360"
"1637.00,-1.6826,10.9292"
"1638.00,-1.6717,10.9227"
"1639.00,-1.6611,10.9213"
"1640.00,-1.6507,10.8894"
"1641.00,-1.6423,10.7438"
"1642.00,-1.6307,10.8044"
"1643.00,-1.6218,10.7114"
"1644.00,-1.6078,10.8802"
"1645.00,-1.5970,10.8504"
"1646.00,-1.5860,10.8829"
"1647.00,-1.5754,10.8694"
"1648.00,-1.5646,10.8402"
"1649.00,-1.5525,10.9386"
"1650.00,-1.5417,10.8967"
"1651.00,-1.5309,10.9268"
"1652.00,-1.5201,10.8855"
"1653.00,-1.5096,10.8997"
"1654.00,-1.4972,10.9416"
"1655.00,-1.4864,10.9693"
"1656.00,-1.4772,10.8442"
"1657.00,-1.4650,10.9422"
"1658.00,-1.4543,10.9259"
"1659.00,-1.4419,10.9758"
"1660.00,-1.4327,10.9199"
"1661.00,-1.4203,10.9610"
"1662.00,-1.4115,10.8894"
"1663.00,-1.4006,10.8503"
"1664.00,-1.3897,10.8824"
"1665.00,-1.3774,10.9509"
"1666.00,-1.3666,10.9179"
"1667.00,-1.3559,10.9300"
"1668.00,-1.3434,11.0117"
"1669.00,-1.3343,10.8993"
"1670.00,-1.3221,10.9797"
"1671.00,-1.3114,10.9508"
"1672.00,-1.3005,10.9631"
"1673.00,-1.2898,10.9351"
"1674.00,-1.2793,10.9317"
"1675.00,-1.2686,10.9053"
"1676.00,-1.2577,10.9045"
"1677.00,-1.2486,10.8327"
"1678.00,-1.2363,10.8777"
"1679.00,-1.2271,10.8108"
"1680.00,-1.2162,10.8112"
"1681.00,-1.2040,10.8914"
"1682.00,-1.1946,10.8017"
"1683.00,-1.1824,10.8867"
"1684.00,-1.1716,10.8626"
"1685.00,-1.1611,10.8628"
"1686.00,-1.1501,10.8563"
"1687.00,-1.1396,10.8415"
"1688.00,-1.1304,10.7728"
"1689.00,-1.1196,10.7545"
"1690.00,-1.1071,10.8582"
"1691.00,-1.0964,10.8357"
"1692.00,-1.0859,10.8371"
"1693.00,-1.0768,10.7338"
"1694.00,-1.0643,10.8232"
"1695.00,-1.0535,10.8373"
"1696.00,-1.0443,10.7340"
"1697.00,-1.0322,10.8223"
"1698.00,-1.0232,10.7198"
"1699.00,-1.0106,10.8098"
"1700.00,-0.9998,10.8246"
"1701.00,-0.9890,10.8038"
"1702.00,-0.9802,10.7249"
"1703.00,-0.9677,10.7922"
"1704.00,-0.9585,10.7290"
"1705.00,-0.9477,10.7282"
"1706.00,-0.9372,10.7153"
"1707.00,-0.9280,10.6378"
"1708.00,-0.9156,10.7277"
"1709.00,-0.9064,10.6495"
"1710.00,-0.8941,10.7278"
"1711.00,-0.8849,10.6648"
"1712.00,-0.8726,10.7339"
"1713.00,-0.8617,10.7414"
"1714.00,-0.8525,10.6776"
"1715.00,-0.8418,10.6645"
"1716.00,-0.8326,10.6086"
"1717.00,-0.8202,10.6808"
"1718.00,-0.8113,10.6076"
"1719.00,-0.8006,10.5981"
"1720.00,-0.7897,10.6122"
"1721.00,-0.7789,10.6367"
"1722.00,-0.7681,10.6256"
"1723.00,-0.7577,10.6372"
"1724.00,-0.7484,10.5456"
"1725.00,-0.7389,10.5106"
"1726.00,-0.7268,10.5864"
"1727.00,-0.7160,10.5970"
"1728.00,-0.7054,10.5963"
"1729.00,-0.6964,10.5246"
"1730.00,-0.6840,10.5957"
"1731.00,-0.6746,10.5567"
"1732.00,-0.6624,10.6411"
"1733.00,-0.6546,10.4828"
"1734.00,-0.6424,10.5830"
"1735.00,-0.6331,10.5094"
"1736.00,-0.6225,10.5115"
"1737.00,-0.6117,10.5409"
"1738.00,-0.6026,10.4530"
"1739.00,-0.5917,10.4893"
"1740.00,-0.5810,10.4859"
"1741.00,-0.5720,10.4238"
"1742.00,-0.5629,10.3364"
"1743.00,-0.5519,10.3918"
"1744.00,-0.5413,10.4043"
"1745.00,-0.5288,10.4815"
"1746.00,-0.5196,10.4423"
"1747.00,-0.5107,10.3595"
"1748.00,-0.4997,10.3979"
"1749.00,-0.4889,10.3938"
"1750.00,-0.4784,10.4297"
"1751.00,-0.4693,10.3344"
"1752.00,-0.4567,10.4714"
"1753.00,-0.4477,10.3982"
"1754.00,-0.4369,10.3941"
"1755.00,-0.4277,10.3644"
"1756.00,-0.4169,10.3544"
"1757.00,-0.4076,10.3266"
"1758.00,-0.3956,10.4080"
"1759.00,-0.3862,10.3380"
"1760.00,-0.3773,10.2946"
"1761.00,-0.3665,10.2882"
"1762.00,-0.3570,10.2800"
"1763.00,-0.3462,10.2743"
"1764.00,-0.3356,10.3158"
"1765.00,-0.3250,10.3324"
"1766.00,-0.3155,10.2663"
"1767.00,-0.3034,10.3899"
"1768.00,-0.2942,10.2971"
"1769.00,-0.2836,10.3374"
"1770.00,-0.2729,10.3529"
"1771.00,-0.2635,10.2859"
"1772.00,-0.2530,10.3266"
"1773.00,-0.2435,10.2534"
"1774.00,-0.2330,10.2957"
"1775.00,-0.2235,10.2241"
"1776.00,-0.2142,10.2023"
"1777.00,-0.2039,10.2084"
"1778.00,-0.1931,10.2141"
"1779.00,-0.1839,10.1927"
"1780.00,-0.1728,10.2083"
"1781.00,-0.1638,10.1708"
"1782.00,-0.1531,10.1949"
"1783.00,-0.1424,10.2014"
"1784.00,-0.1315,10.2624"
"1785.00,-0.1208,10.2581"
"1786.00,-0.1116,10.2344"
"1787.00,-0.1008,10.2317"
"1788.00,-0.0918,10.1929"
"1789.00,-0.0808,10.2322"
"1790.00,-0.0717,10.1552"
"1791.00,-0.0625,10.1364"
"1792.00,-0.0517,10.1388"
"1793.00,-0.0427,10.1045"
"1794.00,-0.0317,10.1483"
"1795.00,-0.0226,10.0754"
"1796.00,-0.0105,10.2079"
"1797.00,-0.0013,10.1249"
"1798.00,0.0095,10.1839"
"1799.00,0.0190,10.1420"
"1800.00,0.0295,10.1586"
"1801.00,0.0403,10.1906"
"1802.00,0.0495,10.1392"
"1803.00,0.0620,10.2541"
"1804.00,0.0710,10.2030"
"1805.00,0.0804,10.1494"
"1806.00,0.0910,10.1835"
"1807.00,0.1017,10.1964"
"1808.00,0.1109,10.1626"
"1809.00,0.1216,10.1766"
"1810.00,0.1309,10.1438"
"1811.00,0.1416,10.1587"
"1812.00,0.1508,10.1268"
"1813.00,0.1632,10.2243"
"1814.00,0.1724,10.1892"
"1815.00,0.1815,10.1199"
"1816.00,0.1937,10.2373"
"1817.00,0.2031,10.1821"
"1818.00,0.2137,10.2144"
"1819.00,0.2231,10.1604"
"1820.00,0.2336,10.1938"
"1821.00,0.2427,10.1245"
"1822.00,0.2569,10.3395"
"1823.00,0.2643,10.1812"
"1824.00,0.2752,10.2299"
"1825.00,0.2843,10.1588"
"1826.00,0.2952,10.2085"
"1827.00,0.3059,10.2204"
"1828.00,0.3151,10.1851"
"1829.00,0.3258,10.1982"
"1830.00,0.3364,10.2295"
"1831.00,0.3474,10.2568"
"1832.00,0.3580,10.2851"
"1833.00,0.3687,10.2933"
"1834.00,0.3780,10.2543"
"1835.00,0.3887,10.2640"
"1836.00,0.3996,10.3084"
"1837.00,0.4086,10.2336"
"1838.00,0.4192,10.2630"
"1839.00,0.4299,10.2723"
"1840.00,0.4395,10.2507"
"1841.00,0.4502,10.2607"
"1842.00,0.4624,10.3705"
"1843.00,0.4715,10.2927"
"1844.00,0.4824,10.3355"
"1845.00,0.4931,10.3412"
"1846.00,0.5023,10.2997"
"1847.00,0.5130,10.3074"
"1848.00,0.5252,10.4148"
"1849.00,0.5346,10.3512"
"1850.00,0.5452,10.3746"
"1851.00,0.5559,10.3785"
"1852.00,0.5665,10.4005"
"1853.00,0.5775,10.4195"
"1854.00,0.5881,10.4394"
"1855.00,0.5988,10.4401"
"1856.00,0.6097,10.4753"
"1857.00,0.6191,10.4089"
"1858.00,0.6309,10.4947"
"1859.00,0.6416,10.4928"
"1860.00,0.6541,10.5930"
"1861.00,0.6630,10.5192"
"1862.00,0.6740,10.5324"
"1863.00,0.6846,10.5465"
"1864.00,0.6953,10.5420"
"1865.00,0.7062,10.5720"
"1866.00,0.7168,10.5664"
"1867.00,0.7277,10.5811"
"1868.00,0.7383,10.5896"
"1869.00,0.7490,10.5830"
"1870.00,0.7599,10.6109"
"1871.00,0.7706,10.6033"
"1872.00,0.7815,10.6300"
"1873.00,0.7938,10.7034"
"1874.00,0.8027,10.6269"
"1875.00,0.8138,10.6350"
"1876.00,0.8243,10.6438"
"1877.00,0.8367,10.7165"
"1878.00,0.8473,10.7211"
"1879.00,0.8566,10.6427"
"1880.00,0.8689,10.7329"
"1881.00,0.8796,10.7194"
"1882.00,0.8901,10.7239"
"1883.00,0.8996,10.6478"
"1884.00,0.9119,10.7406"
"1885.00,0.9227,10.7406"
"1886.00,0.9332,10.7272"
"1887.00,0.9438,10.7282"
"1888.00,0.9548,10.7314"
"1889.00,0.9653,10.7352"
"1890.00,0.9746,10.6425"
"1891.00,0.9868,10.7354"
"1892.00,0.9977,10.7356"
"1893.00,1.0085,10.7526"
"1894.00,1.0175,10.6427"
"1895.00,1.0299,10.7493"
"1896.00,1.0421,10.8141"
"1897.00,1.0530,10.8162"
"1898.00,1.0635,10.8128"
"1899.00,1.0727,10.7163"
"1900.00,1.0850,10.8053"
"1901.00,1.0945,10.7368"
"1902.00,1.1066,10.8053"
"1903.00,1.1174,10.8051"
"1904.00,1.1295,10.8702"
"1905.00,1.1390,10.8012"
"1906.00,1.1495,10.7847"
"1907.00,1.1604,10.7992"
"1908.00,1.1711,10.7827"
"1909.00,1.1820,10.8000"
"1910.00,1.1909,10.6881"
"1911.00,1.2033,10.7919"
"1912.00,1.2125,10.6940"
"1913.00,1.2261,10.8493"
"1914.00,1.2357,10.7922"
"1915.00,1.2477,10.8417"
"1916.00,1.2586,10.8559"
"1917.00,1.2693,10.8368"
"1918.00,1.2803,10.8512"
"1919.00,1.2924,10.9196"
"1920.00,1.3014,10.8073"
"1921.00,1.3121,10.8149"
"1922.00,1.3248,10.9042"
"1923.00,1.3339,10.8252"
"1924.00,1.3459,10.8651"
"1925.00,1.3553,10.8043"
"1926.00,1.3658,10.7825"
"1927.00,1.3752,10.7231"
"1928.00,1.3874,10.7871"
"1929.00,1.3982,10.7903"
"1930.00,1.4074,10.7090"
"1931.00,1.4198,10.7953"
"1932.00,1.4305,10.7981"
"1933.00,1.4411,10.7767"
"1934.00,1.4534,10.8648"
"1935.00,1.4643,10.8564"
"1936.00,1.4748,10.8397"
"1937.00,1.4856,10.8402"
"1938.00,1.4962,10.8302"
"1939.00,1.5068,10.8152"
"1940.00,1.5180,10.8333"
"1941.00,1.5271,10.7524"
"1942.00,1.5393,10.8151"
"1943.00,1.5484,10.7375"
"1944.00,1.5608,10.8174"
"1945.00,1.5716,10.8190"
"1946.00,1.5821,10.8017"
"1947.00,1.5930,10.8016"
"1948.00,1.6040,10.8202"
"1949.00,1.6162,10.8798"
"1950.00,1.6282,10.9460"
"1951.00,1.6391,10.9338"
"1952.00,1.6482,10.8502"
"1953.00,1.6606,10.9246"
"1954.00,1.6698,10.8390"
"1955.00,1.6803,10.8206"
"1956.00,1.6911,10.8195"
"1957.00,1.7022,10.8373"
"1958.00,1.7127,10.8142"
"1959.00,1.7234,10.8183"
"1960.00,1.7340,10.7963"
"1961.00,1.7450,10.8175"
"1962.00,1.7556,10.7955"
"1963.00,1.7664,10.7981"
"1964.00,1.7771,10.8004"
"1965.00,1.7877,10.7793"
"1966.00,1.8003,10.8832"
"1967.00,1.8109,10.8580"
"1968.00,1.8232,10.9415"
"1969.00,1.8338,10.9134"
"1970.00,1.8448,10.9287"
"1971.00,1.8537,10.8194"
"1972.00,1.8629,10.7389"
"1973.00,1.8753,10.8260"
"1974.00,1.8862,10.8201"
"1975.00,1.8969,10.8237"
"1976.00,1.9061,10.7362"
"1977.00,1.9182,10.8069"
"1978.00,1.9274,10.7248"
"1979.00,1.9398,10.8103"
"1980.00,1.9506,10.8120"
"1981.00,1.9611,10.7906"
"1982.00,1.9718,10.7954"
"1983.00,1.9827,10.7912"
"1984.00,1.9934,10.7960"
"1985.00,2.0043,10.7918"
"1986.00,2.0148,10.7780"
"1987.00,2.0242,10.7158"
"1988.00,2.0364,10.7810"
"1989.00,2.0458,10.7208"
"1990.00,2.0580,10.7860"
"1991.00,2.0671,10.7091"
"1992.00,2.0781,10.7202"
"1993.00,2.0885,10.7045"
"1994.00,2.0994,10.7147"
"1995.00,2.1099,10.7025"
"1996.00,2.1195,10.6474"
"1997.00,2.1299,10.6387"
"1998.00,2.1424,10.7286"
"1999.00,2.1531,10.7341"
"2000.00,2.1637,10.7223"
"2001.00,2.1841,10.6519"
"2002.00,2.1960,10.6722"
"2003.00,2.2065,10.7345"
"2004.00,2.2164,10.7234"
"2005.00,2.2284,10.6822"
"2006.00,2.2372,10.7474"
"2007.00,2.2497,10.6518"
"2008.00,2.2592,10.7450"
"2009.00,2.2713,10.6803"
"2010.00,2.2805,10.7497"
"2011.00,2.2926,10.6724"
"2012.00,2.3018,10.7441"
"2013.00,2.3125,10.6671"
"2014.00,2.3233,10.6698"
"2015.00,2.3342,10.6783"
"2016.00,2.3433,10.6862"
"2017.00,2.3540,10.6101"
"2018.00,2.3649,10.6137"
"2019.00,2.3754,10.6269"
"2020.00,2.3862,10.6191"
"2021.00,2.3986,10.6301"
"2022.00,2.4078,10.7165"
"2023.00,2.4186,10.6427"
"2024.00,2.4290,10.6505"
"2025.00,2.4398,10.6359"
"2026.00,2.4494,10.6478"
"2027.00,2.4602,10.5919"
"2028.00,2.4705,10.6023"
"2029.00,2.4814,10.5901"
"2030.00,2.4926,10.6062"
"2031.00,2.5029,10.6321"
"2032.00,2.5122,10.6187"
"2033.00,2.5226,10.5495"
"2034.00,2.5335,10.5457"
"2035.00,2.5429,10.5602"
"2036.00,2.5538,10.5031"
"2037.00,2.5642,10.5214"
"2038.00,2.5750,10.5154"
"2039.00,2.5858,10.5332"
"2040.00,2.5966,10.5429"
"2041.00,2.6071,10.5576"
"2042.00,2.6162,10.5532"
"2043.00,2.6271,10.4837"
"2044.00,2.6382,10.5013"
"2045.00,2.6486,10.5325"
"2046.00,2.6594,10.5243"
"2047.00,2.6686,10.5415"
"2048.00,2.6778,10.4726"
"2049.00,2.6902,10.4072"
"2050.00,2.7010,10.5085"
"2051.00,2.7098,10.5248"
"2052.00,2.7207,10.4370"
"2053.00,2.7301,10.4585"
"2054.00,2.7406,10.4067"
"2055.00,2.7501,10.4117"
"2056.00,2.7622,10.3672"
"2057.00,2.7697,10.4510"
"2058.00,2.7805,10.3081"
"2059.00,2.7929,10.3294"
"2060.00,2.8034,10.4363"
"2061.00,2.8126,10.4381"
"2062.00,2.8237,10.3744"
"2063.00,2.8341,10.4136"
"2064.00,2.8450,10.4133"
"2065.00,2.8557,10.4358"
"2066.00,2.8649,10.4508"
"2067.00,2.8757,10.3880"
"2068.00,2.8849,10.4086"
"2069.00,2.8941,10.3463"
"2070.00,2.9048,10.2887"
"2071.00,2.9157,10.3111"
"2072.00,2.9249,10.3371"
"2073.00,2.9344,10.2799"
"2074.00,2.9447,10.2405"
"2075.00,2.9553,10.2474"
"2076.00,2.9648,10.2617"
"2077.00,2.9768,10.2247"
"2078.00,2.9877,10.3158"
"2079.00,2.9985,10.3415"
"2080.00,3.0080,10.3659"
"2081.00,3.0184,10.3222"
"2082.00,3.0276,10.3251"
"2083.00,3.0384,10.2700"
"2084.00,3.0489,10.2965"
"2085.00,3.0600,10.3053"
"2086.00,3.0692,10.3463"
"2087.00,3.0796,10.2887"
"2088.00,3.0891,10.2949"
"2089.00,3.0999,10.2576"
"2090.00,3.1103,10.2847"
"2091.00,3.1199,10.2897"
"2092.00,3.1303,10.2541"
"2093.00,3.1412,10.2621"
"2094.00,-3.1329,10.2918"
"2095.00,-3.1204,10.2326"
"2096.00,-3.1100,10.3455"
"2097.00,-3.0992,10.3491"
"2098.00,-3.0880,10.3729"
"2099.00,-3.0789,10.4134"
"2100.00,-3.0668,10.3468"
"2101.00,-3.0576,10.4348"
"2102.00,-3.0485,10.3753"
"2103.00,-3.0393,10.3107"
"2104.00,-3.0298,10.2533"
"2105.00,-3.0177,10.2178"
"2106.00,-3.0085,10.3110"
"2107.00,-2.9981,10.2536"
"2108.00,-2.9882,10.2633"
"2109.00,-2.9778,10.2449"
"2110.00,-2.9673,10.2523"
"2111.00,-2.9565,10.2633"
"2112.00,-2.9457,10.2927"
"2113.00,-2.9361,10.3155"
"2114.00,-2.9258,10.2780"
"2115.00,-2.9150,10.2839"
"2116.00,-2.9028,10.3097"
"2117.00,-2.8934,10.4022"
"2118.00,-2.8825,10.3541"
"2119.00,-2.8734,10.3800"
"2120.00,-2.8629,10.3155"
"2121.00,-2.8534,10.3233"
"2122.00,-2.8430,10.2841"
"2123.00,-2.8305,10.2911"
"2124.00,-2.8230,10.4007"
"2125.00,-2.8121,10.2547"
"2126.00,-2.8014,10.2854"
"2127.00,-2.7906,10.3076"
"2128.00,-2.7797,10.3322"
"2129.00,-2.7693,10.3579"
"2130.00,-2.7598,10.3613"
"2131.00,-2.7490,10.3200"
"2132.00,-2.7386,10.3429"
"2133.00,-2.7277,10.3482"
"2134.00,-2.7173,10.3730"
"2135.00,-2.7078,10.3757"
"2136.00,-2.6969,10.3326"
"2137.00,-2.6862,10.3581"
"2138.00,-2.6757,10.3769"
"2139.00,-2.6662,10.3817"
"2140.00,-2.6541,10.3403"
"2141.00,-2.6450,10.4255"
"2142.00,-2.6341,10.3624"
"2143.00,-2.6237,10.3864"
"2144.00,-2.6125,10.3885"
"2145.00,-2.6017,10.4276"
"2146.00,-2.5913,10.4451"
"2147.00,-2.5805,10.4455"
"2148.00,-2.5697,10.4652"
"2149.00,-2.5589,10.4799"
"2150.00,-2.5497,10.4978"
"2151.00,-2.5389,10.4291"
"2152.00,-2.5285,10.4506"
"2153.00,-2.5160,10.4487"
"2154.00,-2.5052,10.5491"
"2155.00,-2.4976,10.5606"
"2156.00,-2.4856,10.4118"
"2157.00,-2.4748,10.4937"
"2158.00,-2.4636,10.5090"
"2159.00,-2.4532,10.5417"
"2160.00,-2.4424,10.5374"
"2161.00,-2.4316,10.5505"
"2162.00,-2.4207,10.5620"
"2163.00,-2.4116,10.5766"
"2164.00,-2.3995,10.5032"
"2165.00,-2.3903,10.5835"
"2166.00,-2.3796,10.5142"
"2167.00,-2.3671,10.5267"
"2168.00,-2.3580,10.6247"
"2169.00,-2.3475,10.5491"
"2170.00,-2.3363,10.5453"
"2171.00,-2.3243,10.5760"
"2172.00,-2.3151,10.6510"
"2173.00,-2.3030,10.5782"
"2174.00,-2.2918,10.6531"
"2175.00,-2.2814,10.6784"
"2176.00,-2.2706,10.6673"
"2177.00,-2.2614,10.6739"
"2178.00,-2.2489,10.5976"
"2179.00,-2.2398,10.6918"
"2180.00,-2.2277,10.6130"
"2181.00,-2.2169,10.6878"
"2182.00,-2.2064,10.6949"
"2183.00,-2.1953,10.6823"
"2184.00,-2.1845,10.7060"
"2185.00,-2.1740,10.7099"
"2186.00,-2.1648,10.6973"
"2187.00,-2.1524,10.6220"
"2188.00,-2.1432,10.7113"
"2189.00,-2.1312,10.6353"
"2190.00,-2.1203,10.7076"
"2191.00,-2.1083,10.7135"
"2192.00,-2.0987,10.7819"
"2193.00,-2.0863,10.7187"
"2194.00,-2.0759,10.8039"
"2195.00,-2.0650,10.7866"
"2196.00,-2.0543,10.7885"
"2197.00,-2.0434,10.7878"
"2198.00,-2.0314,10.7897"
"2199.00,-2.0205,10.8543"
"2200.00,-2.0081,10.8528"
"2201.00,-1.9986,10.9307"
"2202.00,-1.9868,10.8606"
"2203.00,-1.9760,10.9047"
"2204.00,-1.9669,10.9001"
"2205.00,-1.9541,10.8127"
"2206.00,-1.9436,10.9119"
"2207.00,-1.9332,10.8882"
"2208.00,-1.9224,10.8674"
"2209.00,-1.9224,10.8651"
"2210.00,-1.9131,10.7811"
"2211.00,-1.9022,10.7924"
"2212.00,-1.8901,10.8581"
"2213.00,-1.8809,10.7734"
"2214.00,-1.8685,10.8565"
"2215.00,-1.8577,10.8537"
"2216.00,-1.8455,10.9164"
"2217.00,-1.8363,10.8287"
"2218.00,-1.8240,10.9139"
"2219.00,-1.8145,10.8325"
"2220.00,-1.8038,10.8301"
"2221.00,-1.7916,10.9050"
"2222.00,-1.7824,10.8130"
"2223.00,-1.7716,10.8124"
"2224.00,-1.7610,10.8117"
"2225.00,-1.7487,10.8670"
"2226.00,-1.7378,10.8677"
"2227.00,-1.7256,10.9612"
"2228.00,-1.7146,10.9285"
"2229.00,-1.7055,10.8647"
"2230.00,-1.6934,10.9174"
"2231.00,-1.6826,10.9115"
"2232.00,-1.6701,10.9877"
"2233.00,-1.6610,10.8965"
"2234.00,-1.6489,10.9571"
"2235.00,-1.6418,10.7637"
"2236.00,-1.6307,10.7873"
"2237.00,-1.6216,10.6749"
"2238.00,-1.6075,10.8854"
"2239.00,-1.5952,10.9223"
"2240.00,-1.5863,10.8429"
"2241.00,-1.5752,10.8368"
"2242.00,-1.5646,10.8544"
"2243.00,-1.5523,10.8931"
"2244.00,-1.5417,10.9124"
"2245.00,-1.5290,10.9646"
"2246.00,-1.5199,10.8985"
"2247.00,-1.5080,10.9497"
"2248.00,-1.4969,10.9275"
"2249.00,-1.4864,10.9450"
"2250.00,-1.4754,10.9138"
"2251.00,-1.4664,10.8502"
"2252.00,-1.4541,10.8893"
"2253.00,-1.4450,10.8268"
"2254.00,-1.4340,10.8326"
"2255.00,-1.4233,10.7999"
"2256.00,-1.4111,10.9055"
"2257.00,-1.4004,10.8601"
"2258.00,-1.3895,10.8971"
"2259.00,-1.3804,10.7705"
"2260.00,-1.3697,10.7955"
"2261.00,-1.3575,10.8684"
"2262.00,-1.3464,10.8505"
"2263.00,-1.3346,10.9368"
"2264.00,-1.3251,10.8246"
"2265.00,-1.3146,10.8468"
"2266.00,-1.3040,10.8047"
"2267.00,-1.2929,10.8288"
"2268.00,-1.2820,10.8383"
"2269.00,-1.2715,10.8154"
"2270.00,-1.2609,10.8146"
"2271.00,-1.2516,10.7177"
"2272.00,-1.2393,10.8116"
"2273.00,-1.2300,10.7400"
"2274.00,-1.2181,10.8040"
"2275.00,-1.2070,10.7895"
"2276.00,-1.1963,10.8130"
"2277.00,-1.1873,10.7218"
"2278.00,-1.1749,10.7769"
"2279.00,-1.1644,10.8010"
"2280.00,-1.1534,10.7779"
"2281.00,-1.1411,10.8684"
"2282.00,-1.1318,10.7941"
"2283.00,-1.1212,10.7900"
"2284.00,-1.1118,10.6944"
"2285.00,-1.0996,10.8044"
"2286.00,-1.0905,10.6831"
"2287.00,-1.0798,10.7117"
"2288.00,-1.0691,10.7074"
"2289.00,-1.0581,10.6980"
"2290.00,-1.0475,10.7258"
"2291.00,-1.0368,10.6904"
"2292.00,-1.0261,10.7185"
"2293.00,-1.0152,10.7303"
"2294.00,-1.0044,10.7034"
"2295.00,-0.9939,10.7307"
"2296.00,-0.9833,10.6953"
"2297.00,-0.9706,10.8060"
"2298.00,-0.9600,10.8003"
"2299.00,-0.9508,10.7141"
"2300.00,-0.9402,10.7184"
"2301.00,-0.9295,10.6922"
"2302.00,-0.9202,10.6544"
"2303.00,-0.9092,10.6394"
"2304.00,-0.8986,10.6696"
"2305.00,-0.8879,10.6375"
"2306.00,-0.8785,10.6024"
"2307.00,-0.8666,10.6692"
"2308.00,-0.8555,10.6620"
"2309.00,-0.8450,10.6910"
"2310.00,-0.8360,10.5762"
"2311.00,-0.8233,10.6925"
"2312.00,-0.8140,10.6269"
"2313.00,-0.8036,10.6150"
"2314.00,-0.7929,10.6243"
"2315.00,-0.7836,10.5375"
"2316.00,-0.7713,10.6393"
"2317.00,-0.7620,10.5764"
"2318.00,-0.7514,10.5834"
"2319.00,-0.7407,10.5643"
"2320.00,-0.7298,10.6142"
"2321.00,-0.7207,10.5035"
"2322.00,-0.7100,10.5400"
"2323.00,-0.6993,10.5448"
"2324.00,-0.6900,10.4622"
"2325.00,-0.6777,10.5825"
"2326.00,-0.6684,10.4899"
"2327.00,-0.6578,10.5270"
"2328.00,-0.6471,10.5027"
"2329.00,-0.6360,10.5554"
"2330.00,-0.6270,10.4777"
"2331.00,-0.6163,10.4640"
"2332.00,-0.6057,10.5023"
"2333.00,-0.5947,10.4957"
"2334.00,-0.5856,10.4505"
"2335.00,-0.5750,10.4599"
"2336.00,-0.5644,10.4471"
"2337.00,-0.5550,10.4057"
"2338.00,-0.5441,10.4364"
"2339.00,-0.5349,10.3687"
"2340.00,-0.5229,10.4557"
"2341.00,-0.5136,10.3778"
"2342.00,-0.5013,10.5018"
"2343.00,-0.4938,10.3319"
"2344.00,-0.4815,10.4301"
"2345.00,-0.4723,10.3856"
"2346.00,-0.4632,10.3057"
"2347.00,-0.4507,10.4161"
"2348.00,-0.4415,10.3683"
"2349.00,-0.4308,10.3711"
"2350.00,-0.4219,10.3130"
"2351.00,-0.4109,10.3350"
"2352.00,-0.4016,10.2803"
"2353.00,-0.3909,10.3047"
"2354.00,-0.3803,10.3349"
"2355.00,-0.3696,10.3301"
"2356.00,-0.3601,10.2959"
"2357.00,-0.3495,10.3195"
"2358.00,-0.3389,10.3249"
"2359.00,-0.3280,10.3524"
"2360.00,-0.3189,10.2913"
"2361.00,-0.3079,10.3385"
"2362.00,-0.2972,10.3338"
"2363.00,-0.2867,10.3630"
"2364.00,-0.2760,10.3664"
"2365.00,-0.2666,10.3247"
"2366.00,-0.2559,10.3538"
"2367.00,-0.2469,10.2667"
"2368.00,-0.2377,10.2190"
"2369.00,-0.2269,10.2480"
"2370.00,-0.2175,10.2084"
"2371.00,-0.2065,10.2489"
"2372.00,-0.1977,10.1890"
"2373.00,-0.1853,10.2702"
"2374.00,-0.1761,10.2406"
"2375.00,-0.1652,10.2502"
"2376.00,-0.1544,10.3088"
"2377.00,-0.1455,10.2113"
"2378.00,-0.1345,10.2627"
"2379.00,-0.1235,10.3004"
"2380.00,-0.1131,10.3053"
"2381.00,-0.1054,10.1828"
"2382.00,-0.0931,10.2662"
"2383.00,-0.0841,10.2311"
"2384.00,-0.0731,10.2395"
"2385.00,-0.0640,10.2057"
"2386.00,-0.0533,10.2281"
"2387.00,-0.0440,10.1623"
"2388.00,-0.0347,10.1485"
"2389.00,-0.0240,10.1448"
"2390.00,-0.0149,10.1156"
"2391.00,-0.0042,10.1425"
"2392.00,0.0078,10.2282"
"2393.00,0.0189,10.2658"
"2394.00,0.0280,10.2124"
"2395.00,0.0386,10.2507"
"2396.00,0.0496,10.2585"
"2397.00,0.0589,10.2397"
"2398.00,0.0696,10.2318"
"2399.00,0.0802,10.2797"
"2400.00,0.0895,10.2043"
"2401.00,0.0985,10.1717"
"2402.00,0.1095,10.1837"
"2403.00,0.1172,10.0866"
"2404.00,0.1295,10.1683"
"2405.00,0.1385,10.1374"
"2406.00,0.1491,10.1349"
"2407.00,0.1584,10.1219"
"2408.00,0.1707,10.2020"
"2409.00,0.1800,10.1857"
"2410.00,0.1923,10.2625"
"2411.00,0.2029,10.3086"
"2412.00,0.2123,10.2321"
"2413.00,0.2229,10.2797"
"2414.00,0.2335,10.2701"
"2415.00,0.2428,10.2502"
"2416.00,0.2538,10.2586"
"2417.00,0.2644,10.3047"
"2418.00,0.2734,10.2123"
"2419.00,0.2841,10.2606"
"2420.00,0.2937,10.2031"
"2421.00,0.3057,10.3174"
"2422.00,0.3150,10.2407"
"2423.00,0.3240,10.2057"
"2424.00,0.3363,10.2820"
"2425.00,0.3457,10.2612"
"2426.00,0.3564,10.2814"
"2427.00,0.3670,10.2789"
"2428.00,0.3777,10.3236"
"2429.00,0.3873,10.2633"
"2430.00,0.3993,10.3742"
"2431.00,0.4086,10.2951"
"2432.00,0.4192,10.3389"
"2433.00,0.4286,10.2615"
"2434.00,0.4392,10.3070"
"2435.00,0.4502,10.3130"
"2436.00,0.4608,10.3558"
"2437.00,0.4714,10.3432"
"2438.00,0.4808,10.3190"
"2439.00,0.4914,10.3082"
"2440.00,0.5020,10.3512"
"2441.00,0.5130,10.3552"
"2442.00,0.5236,10.3958"
"2443.00,0.5346,10.3977"
"2444.00,0.5436,10.3541"
"2445.00,0.5542,10.3418"
"2446.00,0.5665,10.4647"
"2447.00,0.5758,10.3815"
"2448.00,0.5881,10.5023"
"2449.00,0.5974,10.4172"
"2450.00,0.6081,10.4545"
"2451.00,0.6190,10.4536"
"2452.00,0.6297,10.4890"
"2453.00,0.6403,10.4701"
"2454.00,0.6509,10.5045"
"2455.00,0.6616,10.4850"
"2456.00,0.6709,10.4531"
"2457.00,0.6818,10.4526"
"2458.00,0.6925,10.4878"
"2459.00,0.7048,10.5510"
"2460.00,0.7141,10.5157"
"2461.00,0.7247,10.4958"
"2462.00,0.7354,10.5288"
"2463.00,0.7476,10.5900"
"2464.00,0.7583,10.6182"
"2465.00,0.7692,10.6096"
"2466.00,0.7783,10.5548"
"2467.00,0.7892,10.5495"
"2468.00,0.7998,10.5795"
"2469.00,0.8108,10.5730"
"2470.00,0.8228,10.6673"
"2471.00,0.8321,10.5746"
"2472.00,0.8427,10.6033"
"2473.00,0.8537,10.5956"
"2474.00,0.8643,10.6232"
"2475.00,0.8767,10.6856"
"2476.00,0.8857,10.6214"
"2477.00,0.8980,10.7061"
"2478.00,0.9074,10.6231"
"2479.00,0.9180,10.6437"
"2480.00,0.9287,10.6233"
"2481.00,0.9393,10.6439"
"2482.00,0.9519,10.7217"
"2483.00,0.9610,10.6555"
"2484.00,0.9733,10.7387"
"2485.00,0.9840,10.7195"
"2486.00,0.9949,10.7515"
"2487.00,1.0056,10.7259"
"2488.00,1.0145,10.6593"
"2489.00,1.0269,10.7203"
"2490.00,1.0374,10.7357"
"2491.00,1.0484,10.7275"
"2492.00,1.0592,10.7313"
"2493.00,1.0698,10.7459"
"2494.00,1.0805,10.7208"
"2495.00,1.0914,10.7524"
"2496.00,1.1021,10.7272"
"2497.00,1.1127,10.7419"
"2498.00,1.1233,10.7173"
"2499.00,1.1344,10.7379"
"2500.00,1.1467,10.8338"
"2501.00,1.1574,10.8046"
"2502.00,1.1664,10.7336"
"2503.00,1.1787,10.7913"
"2504.00,1.1896,10.8191"
"2505.00,1.2003,10.7908"
"2506.00,1.2109,10.8022"
"2507.00,1.2215,10.7747"
"2508.00,1.2326,10.7923"
"2509.00,1.2433,10.8035"
"2510.00,1.2540,10.7762"
"2511.00,1.2662,10.8699"
"2512.00,1.2772,10.8556"
"2513.00,1.2878,10.8636"
"2514.00,1.2985,10.8333"
"2515.00,1.3091,10.8423"
"2516.00,1.3196,10.8130"
"2517.00,1.3308,10.8286"
"2518.00,1.3415,10.8379"
"2519.00,1.3538,10.8909"
"2520.00,1.3627,10.8150"
"2521.00,1.3738,10.8037"
"2522.00,1.3843,10.8140"
"2523.00,1.3949,10.7865"
"2524.00,1.4089,10.9505"
"2525.00,1.4169,10.8037"
"2526.00,1.4290,10.8690"
"2527.00,1.4396,10.8628"
"2528.00,1.4520,10.9200"
"2529.00,1.4609,10.8425"
"2530.00,1.4719,10.8300"
"2531.00,1.4842,10.9205"
"2532.00,1.4931,10.8061"
"2533.00,1.5038,10.8054"
"2534.00,1.5151,10.8294"
"2535.00,1.5257,10.8279"
"2536.00,1.5363,10.8026"
"2537.00,1.5470,10.8020"
"2538.00,1.5579,10.8098"
"2539.00,1.5700,10.8722"
"2540.00,1.5807,10.8711"
"2541.00,1.5913,10.8437"
"2542.00,1.6024,10.8574"
"2543.00,1.6131,10.8649"
"2544.00,1.6238,10.8354"
"2545.00,1.6360,10.9252"
"2546.00,1.6467,10.8928"
"2547.00,1.6576,10.9142"
"2548.00,1.6683,10.8824"
"2549.00,1.6789,10.8879"
"2550.00,1.6882,10.7921"
"2551.00,1.6992,10.8184"
"2552.00,1.7097,10.7915"
"2553.00,1.7205,10.7912"
"2554.00,1.7311,10.7830"
"2555.00,1.7417,10.7839"
"2556.00,1.7527,10.7776"
"2557.00,1.7666,10.9517"
"2558.00,1.7756,10.8365"
"2559.00,1.7879,10.9258"
"2560.00,1.7972,10.8284"
"2561.00,1.8095,10.9180"
"2562.00,1.8201,10.8864"
"2563.00,1.8294,10.8259"
"2564.00,1.8400,10.7990"
"2565.00,1.8507,10.7982"
"2566.00,1.8616,10.8060"
"2567.00,1.8723,10.8057"
"2568.00,1.8832,10.7985"
"2569.00,1.8939,10.7977"
"2570.00,1.9045,10.7891"
"2571.00,1.9152,10.7896"
"2572.00,1.9257,10.7670"
"2573.00,1.9368,10.7840"
"2574.00,1.9476,10.7947"
"2575.00,1.9598,10.8515"
"2576.00,1.9689,10.7759"
"2577.00,1.9813,10.8544"
"2578.00,1.9919,10.8310"
"2579.00,2.0029,10.8545"
"2580.00,2.0119,10.7448"
"2581.00,2.0225,10.7562"
"2582.00,2.0334,10.7497"
"2583.00,2.0442,10.7511"
"2584.00,2.0549,10.7633"
"2585.00,2.0639,10.6583"
"2586.00,2.0766,10.7776"
"2587.00,2.0873,10.7538"
"2588.00,2.0972,10.7318"
"2589.00,2.1086,10.7486"
"2590.00,2.1198,10.7813"
"2591.00,2.1294,10.7235"
"2592.00,2.1407,10.7449"
"2593.00,2.1516,10.7518"
"2594.00,2.1622,10.7454"
"2595.00,2.1841,10.7699"
"2596.00,2.1945,10.7693"
"2597.00,2.2051,10.7503"
"2598.00,2.2162,10.7405"
"2599.00,2.2269,10.7598"
"2600.00,2.2376,10.7549"
"2601.00,2.2464,10.7531"
"2602.00,2.2593,10.6532"
"2603.00,2.2684,10.7667"
"2604.00,2.2792,10.6826"
"2605.00,2.2896,10.6884"
"2606.00,2.3005,10.6736"
"2607.00,2.3112,10.6878"
"2608.00,2.3221,10.6855"
"2609.00,2.3329,10.6971"
"2610.00,2.3432,10.7022"
"2611.00,2.3545,10.6849"
"2612.00,2.3632,10.7147"
"2613.00,2.3741,10.6130"
"2614.00,2.3849,10.6281"
"2615.00,2.3940,10.6367"
"2616.00,2.4047,10.5611"
"2617.00,2.4157,10.5692"
"2618.00,2.4260,10.5883"
"2619.00,2.4370,10.5749"
"2620.00,2.4476,10.5937"
"2621.00,2.4573,10.5965"
"2622.00,2.4689,10.5486"
"2623.00,2.4785,10.6028"
"2624.00,2.4889,10.5546"
"2625.00,2.5001,10.5431"
"2626.00,2.5105,10.5797"
"2627.00,2.5197,10.5669"
"2628.00,2.5305,10.5022"
"2629.00,2.5429,10.5171"
"2630.00,2.5520,10.6112"
"2631.00,2.5630,10.5352"
"2632.00,2.5733,10.5555"
"2633.00,2.5842,10.5442"
"2634.00,2.5933,10.5641"
"2635.00,2.6045,10.4870"
"2636.00,2.6149,10.5261"
"2637.00,2.6242,10.5163"
"2638.00,2.6348,10.4557"
"2639.00,2.6441,10.4659"
"2640.00,2.6565,10.4060"
"2641.00,2.6656,10.5074"
"2642.00,2.6777,10.4384"
"2643.00,2.6873,10.5185"
"2644.00,2.6981,10.4722"
"2645.00,2.7068,10.4886"
"2646.00,2.7177,10.4009"
"2647.00,2.7288,10.4258"
"2648.00,2.7376,10.4609"
"2649.00,2.7485,10.3747"
"2650.00,2.7575,10.4026"
"2651.00,2.7701,10.3339"
"2652.00,2.7791,10.4456"
"2653.00,2.7900,10.3749"
"2654.00,2.8008,10.4011"
"2655.00,2.8112,10.4210"
"2656.00,2.8208,10.4186"
"2657.00,2.8328,10.3787"
"2658.00,2.8421,10.4587"
"2659.00,2.8511,10.4004"
"2660.00,2.8620,10.3321"
"2661.00,2.8728,10.3603"
"2662.00,2.8819,10.3822"
"2663.00,2.8928,10.3165"
"2664.00,2.9015,10.3469"
"2665.00,2.9111,10.2651"
"2666.00,2.9218,10.2326"
"2667.00,2.9344,10.2548"
"2668.00,2.9431,10.3700"
"2669.00,2.9527,10.2872"
"2670.00,2.9634,10.2534"
"2671.00,2.9739,10.2777"
"2672.00,2.9847,10.2843"
"2673.00,2.9955,10.3147"
"2674.00,3.0043,10.3389"
"2675.00,3.0155,10.2592"
"2676.00,3.0247,10.3071"
"2677.00,3.0354,10.2499"
"2678.00,3.0459,10.2758"
"2679.00,3.0571,10.2828"
"2680.00,3.0662,10.3294"
"2681.00,3.0766,10.2711"
"2682.00,3.0859,10.2767"
"2683.00,3.0954,10.2254"
"2684.00,3.1057,10.1887"
"2685.00,3.1153,10.1985"
"2686.00,3.1274,10.1674"
"2687.00,3.1378,10.2644"
"2688.00,-3.1354,10.2706"
"2689.00,-3.1250,10.2536"
"2690.00,-3.1143,10.2617"
"2691.00,-3.1038,10.2872"
"2692.00,-3.0929,10.2964"
"2693.00,-3.0822,10.3257"
"2694.00,-3.0730,10.3439"
"2695.00,-3.0621,10.2876"
"2696.00,-3.0514,10.3159"
"2697.00,-3.0423,10.3373"
"2698.00,-3.0331,10.2760"
"2699.00,-3.0222,10.2230"
"2700.00,-3.0131,10.2544"
"2701.00,-3.0023,10.1959"
"2702.00,-2.9919,10.2287"
"2703.00,-2.9810,10.2370"
"2704.00,-2.9702,10.2690"
"2705.00,-2.9598,10.2955"
"2706.00,-2.9486,10.3005"
"2707.00,-2.9379,10.3469"
"2708.00,-2.9270,10.3657"
"2709.00,-2.9166,10.3899"
"2710.00,-2.9057,10.3903"
"2711.00,-2.8962,10.4144"
"2712.00,-2.8858,10.3683"
"2713.00,-2.8766,10.3710"
"2714.00,-2.8646,10.3130"
"2715.00,-2.8551,10.4004"
"2716.00,-2.8458,10.3549"
"2717.00,-2.8338,10.2989"
"2718.00,-2.8242,10.3846"
"2719.00,-2.8138,10.3446"
"2720.00,-2.8043,10.3475"
"2721.00,-2.7939,10.3070"
"2722.00,-2.7830,10.3117"
"2723.00,-2.7706,10.3396"
"2724.00,-2.7598,10.4444"
"2725.00,-2.7507,10.4621"
"2726.00,-2.7402,10.3949"
"2727.00,-2.7306,10.3988"
"2728.00,-2.7186,10.3566"
"2729.00,-2.7091,10.4410"
"2730.00,-2.6986,10.3957"
"2731.00,-2.6878,10.3972"
"2732.00,-2.6770,10.4196"
"2733.00,-2.6679,10.4363"
"2734.00,-2.6570,10.3727"
"2735.00,-2.6463,10.3973"
"2736.00,-2.6341,10.4141"
"2737.00,-2.6250,10.5010"
"2738.00,-2.6155,10.4320"
"2739.00,-2.6034,10.3869"
"2740.00,-2.5942,10.4720"
"2741.00,-2.5818,10.4066"
"2742.00,-2.5710,10.5080"
"2743.00,-2.5589,10.5216"
"2744.00,-2.5497,10.6030"
"2745.00,-2.5389,10.5290"
"2746.00,-2.5298,10.5446"
"2747.00,-2.5177,10.4734"
"2748.00,-2.5081,10.5553"
"2749.00,-2.4977,10.5048"
"2750.00,-2.4869,10.5004"
"2751.00,-2.4761,10.5163"
"2752.00,-2.4652,10.5295"
"2753.00,-2.4561,10.5457"
"2754.00,-2.4440,10.4739"
"2755.00,-2.4348,10.5556"
"2756.00,-2.4224,10.4879"
"2757.00,-2.4116,10.5834"
"2758.00,-2.4008,10.5968"
"2759.00,-2.3916,10.6043"
"2760.00,-2.3792,10.5339"
"2761.00,-2.3688,10.6273"
"2762.00,-2.3579,10.6195"
"2763.00,-2.3475,10.6302"
"2764.00,-2.3363,10.6208"
"2765.00,-2.3242,10.6486"
"2766.00,-2.3151,10.7191"
"2767.00,-2.3043,10.6420"
"2768.00,-2.2931,10.6491"
"2769.00,-2.2827,10.6753"
"2770.00,-2.2719,10.6636"
"2771.00,-2.2611,10.6704"
"2772.00,-2.2506,10.6768"
"2773.00,-2.2398,10.6658"
"2774.00,-2.2290,10.6732"
"2775.00,-2.2182,10.6788"
"2776.00,-2.2077,10.6871"
"2777.00,-2.1982,10.6742"
"2778.00,-2.1858,10.6164"
"2779.00,-2.1753,10.7066"
"2780.00,-2.1662,10.6943"
"2781.00,-2.1541,10.6190"
"2782.00,-2.1446,10.6921"
"2783.00,-2.1338,10.6327"
"2784.00,-2.1217,10.6410"
"2785.00,-2.1108,10.7138"
"2786.00,-2.1001,10.7194"
"2787.00,-2.0893,10.7220"
"2788.00,-2.0788,10.7273"
"2789.00,-2.0683,10.7131"
"2790.00,-2.0572,10.7012"
"2791.00,-2.0464,10.7244"
"2792.00,-2.0343,10.7274"
"2793.00,-2.0248,10.7953"
"2794.00,-2.0124,10.7312"
"2795.00,-2.0035,10.8159"
"2796.00,-1.9911,10.7163"
"2797.00,-1.9823,10.8028"
"2798.00,-1.9698,10.7039"
"2799.00,-1.9590,10.7922"
"2800.00,-1.9482,10.7908"
"2801.00,-1.9374,10.7924"
"2802.00,-1.9286,10.7916"
"2803.00,-1.9158,10.6938"
"2804.00,-1.9158,10.7990"
"2805.00,-1.9064,10.7178"
"2806.00,-1.8959,10.7316"
"2807.00,-1.8853,10.6985"
"2808.00,-1.8730,10.7946"
"2809.00,-1.8619,10.8062"
"2810.00,-1.8513,10.7895"
"2811.00,-1.8406,10.8058"
"2812.00,-1.8300,10.7691"
"2813.00,-1.8194,10.7797"
"2814.00,-1.8082,10.7922"
"2815.00,-1.7961,10.8580"
"2816.00,-1.7870,10.7732"
"2817.00,-1.7749,10.8401"
"2818.00,-1.7654,10.7725"
"2819.00,-1.7532,10.8394"
"2820.00,-1.7424,10.8531"
"2821.00,-1.7318,10.8141"
"2822.00,-1.7225,10.7568"
"2823.00,-1.7101,10.8360"
"2824.00,-1.6996,10.8179"
"2825.00,-1.6888,10.8170"
"2826.00,-1.6767,10.8815"
"2827.00,-1.6656,10.8938"
"2828.00,-1.6564,10.8073"
"2829.00,-1.6443,10.8723"
"2830.00,-1.6370,10.6886"
"2831.00,-1.6266,10.6934"
"2832.00,-1.6119,10.8591"
"2833.00,-1.6015,10.8695"
"2834.00,-1.5906,10.8518"
"2835.00,-1.5797,10.8540"
"2836.00,-1.5692,10.8505"
"2837.00,-1.5568,10.9096"
"2838.00,-1.5477,10.8424"
"2839.00,-1.5354,10.8863"
"2840.00,-1.5245,10.9067"
"2841.00,-1.5139,10.8804"
"2842.00,-1.5031,10.8920"
"2843.00,-1.4923,10.8671"
"2844.00,-1.4816,10.8839"
"2845.00,-1.4710,10.8440"
"2846.00,-1.4603,10.8502"
"2847.00,-1.4495,10.8585"
"2848.00,-1.4386,10.8363"
"2849.00,-1.4296,10.7610"
"2850.00,-1.4171,10.8402"
"2851.00,-1.4066,10.8372"
"2852.00,-1.3943,10.8971"
"2853.00,-1.3834,10.8968"
"2854.00,-1.3743,10.8256"
"2855.00,-1.3620,10.8706"
"2856.00,-1.3514,10.8751"
"2857.00,-1.3405,10.8669"
"2858.00,-1.3297,10.8788"
"2859.00,-1.3189,10.8550"
"2860.00,-1.3084,10.8558"
"2861.00,-1.2973,10.8494"
"2862.00,-1.2884,10.7687"
"2863.00,-1.2761,10.8320"
"2864.00,-1.2669,10.7531"
"2865.00,-1.2564,10.7545"
"2866.00,-1.2455,10.7378"
"2867.00,-1.2346,10.7652"
"2868.00,-1.2240,10.7461"
"2869.00,-1.2119,10.8296"
"2870.00,-1.2008,10.8247"
"2871.00,-1.1903,10.8268"
"2872.00,-1.1797,10.7904"
"2873.00,-1.1674,10.8803"
"2874.00,-1.1579,10.8217"
"2875.00,-1.1471,10.8009"
"2876.00,-1.1366,10.8043"
"2877.00,-1.1258,10.7842"
"2878.00,-1.1153,10.7884"
"2879.00,-1.1043,10.7857"
"2880.00,-1.0951,10.7089"
"2881.00,-1.0830,10.7940"
"2882.00,-1.0737,10.6941"
"2883.00,-1.0628,10.7232"
"2884.00,-1.0506,10.7882"
"2885.00,-1.0414,10.7220"
"2886.00,-1.0292,10.7730"
"2887.00,-1.0182,10.7982"
"2888.00,-1.0078,10.7776"
"2889.00,-0.9969,10.7787"
"2890.00,-0.9865,10.7784"
"2891.00,-0.9771,10.6795"
"2892.00,-0.9646,10.7910"
"2893.00,-0.9537,10.7872"
"2894.00,-0.9449,10.7047"
"2895.00,-0.9340,10.6913"
"2896.00,-0.9229,10.7203"
"2897.00,-0.9124,10.7188"
"2898.00,-0.9034,10.6217"
"2899.00,-0.8925,10.6348"
"2900.00,-0.8820,10.6417"
"2901.00,-0.8725,10.5649"
"2902.00,-0.8605,10.6613"
"2903.00,-0.8512,10.5685"
"2904.00,-0.8389,10.6689"
"2905.00,-0.8293,10.6058"
"2906.00,-0.8173,10.6960"
"2907.00,-0.8083,10.5852"
"2908.00,-0.7974,10.6191"
"2909.00,-0.7869,10.6076"
"2910.00,-0.7773,10.5517"
"2911.00,-0.7668,10.5628"
"2912.00,-0.7561,10.5555"
"2913.00,-0.7452,10.5719"
"2914.00,-0.7361,10.5164"
"2915.00,-0.7252,10.5128"
"2916.00,-0.7146,10.5340"
"2917.00,-0.7037,10.5430"
"2918.00,-0.6948,10.4727"
"2919.00,-0.6838,10.4864"
"2920.00,-0.6746,10.4244"
"2921.00,-0.6641,10.4416"
"2922.00,-0.6532,10.4420"
"2923.00,-0.6422,10.4829"
"2924.00,-0.6317,10.4783"
"2925.00,-0.6209,10.5093"
"2926.00,-0.6103,10.4898"
"2927.00,-0.6012,10.4301"
"2928.00,-0.5888,10.5413"
"2929.00,-0.5795,10.4550"
"2930.00,-0.5706,10.3969"
"2931.00,-0.5598,10.4130"
"2932.00,-0.5502,10.3669"
"2933.00,-0.5381,10.4688"
"2934.00,-0.5291,10.3698"
"2935.00,-0.5182,10.4142"
"2936.00,-0.5073,10.4294"
"2937.00,-0.4968,10.4464"
"2938.00,-0.4874,10.3799"
"2939.00,-0.4768,10.4032"
"2940.00,-0.4678,10.3225"
"2941.00,-0.4566,10.3665"
"2942.00,-0.4461,10.3867"
"2943.00,-0.4353,10.3886"
"2944.00,-0.4248,10.4114"
"2945.00,-0.4154,10.3467"
"2946.00,-0.4046,10.3880"
"2947.00,-0.3956,10.2934"
"2948.00,-0.3846,10.3412"
"2949.00,-0.3757,10.2768"
